SET FOREIGN_KEY_CHECKS = 0;
TRUNCATE TABLE cat_parroquias;
TRUNCATE TABLE cat_cantones;
TRUNCATE TABLE cat_provincias;
INSERT INTO cat_provincias (id, nombre) VALUES ('1', 'AZUAY');
INSERT INTO cat_cantones (id, provincia_id, nombre) VALUES ('101', '1', 'CUENCA');
INSERT INTO cat_parroquias (id, canton_id, nombre) VALUES ('10101', '101', 'BELLAVISTA');
INSERT INTO cat_parroquias (id, canton_id, nombre) VALUES ('10102', '101', 'CAÑARIBAMBA');
INSERT INTO cat_parroquias (id, canton_id, nombre) VALUES ('10103', '101', 'EL BATÁN');
INSERT INTO cat_parroquias (id, canton_id, nombre) VALUES ('10104', '101', 'EL SAGRARIO');
INSERT INTO cat_parroquias (id, canton_id, nombre) VALUES ('10105', '101', 'EL VECINO');
INSERT INTO cat_parroquias (id, canton_id, nombre) VALUES ('10106', '101', 'GIL RAMÍREZ DÁVALOS');
INSERT INTO cat_parroquias (id, canton_id, nombre) VALUES ('10107', '101', 'HUAYNACÁPAC');
INSERT INTO cat_parroquias (id, canton_id, nombre) VALUES ('10108', '101', 'MACHÁNGARA');
INSERT INTO cat_parroquias (id, canton_id, nombre) VALUES ('10109', '101', 'MONAY');
INSERT INTO cat_parroquias (id, canton_id, nombre) VALUES ('10110', '101', 'SAN BLAS');
INSERT INTO cat_parroquias (id, canton_id, nombre) VALUES ('10111', '101', 'SAN SEBASTIÁN');
INSERT INTO cat_parroquias (id, canton_id, nombre) VALUES ('10112', '101', 'SUCRE');
INSERT INTO cat_parroquias (id, canton_id, nombre) VALUES ('10113', '101', 'TOTORACOCHA');
INSERT INTO cat_parroquias (id, canton_id, nombre) VALUES ('10114', '101', 'YANUNCAY');
INSERT INTO cat_parroquias (id, canton_id, nombre) VALUES ('10115', '101', 'HERMANO MIGUEL');
INSERT INTO cat_parroquias (id, canton_id, nombre) VALUES ('10150', '101', 'CUENCA');
INSERT INTO cat_parroquias (id, canton_id, nombre) VALUES ('10151', '101', 'BAÑOS');
INSERT INTO cat_parroquias (id, canton_id, nombre) VALUES ('10152', '101', 'CUMBE');
INSERT INTO cat_parroquias (id, canton_id, nombre) VALUES ('10153', '101', 'CHAUCHA');
INSERT INTO cat_parroquias (id, canton_id, nombre) VALUES ('10154', '101', 'CHECA (JIDCAY)');
INSERT INTO cat_parroquias (id, canton_id, nombre) VALUES ('10155', '101', 'CHIQUINTAD');
INSERT INTO cat_parroquias (id, canton_id, nombre) VALUES ('10156', '101', 'LLACAO');
INSERT INTO cat_parroquias (id, canton_id, nombre) VALUES ('10157', '101', 'MOLLETURO');
INSERT INTO cat_parroquias (id, canton_id, nombre) VALUES ('10158', '101', 'NULTI');
INSERT INTO cat_parroquias (id, canton_id, nombre) VALUES ('10159', '101', 'OCTAVIO CORDERO PALACIOS (SANTA ROSA)');
INSERT INTO cat_parroquias (id, canton_id, nombre) VALUES ('10160', '101', 'PACCHA');
INSERT INTO cat_parroquias (id, canton_id, nombre) VALUES ('10161', '101', 'QUINGEO');
INSERT INTO cat_parroquias (id, canton_id, nombre) VALUES ('10162', '101', 'RICAURTE');
INSERT INTO cat_parroquias (id, canton_id, nombre) VALUES ('10163', '101', 'SAN JOAQUÍN');
INSERT INTO cat_parroquias (id, canton_id, nombre) VALUES ('10164', '101', 'SANTA ANA');
INSERT INTO cat_parroquias (id, canton_id, nombre) VALUES ('10165', '101', 'SAYAUSÍ');
INSERT INTO cat_parroquias (id, canton_id, nombre) VALUES ('10166', '101', 'SIDCAY');
INSERT INTO cat_parroquias (id, canton_id, nombre) VALUES ('10167', '101', 'SININCAY');
INSERT INTO cat_parroquias (id, canton_id, nombre) VALUES ('10168', '101', 'TARQUI');
INSERT INTO cat_parroquias (id, canton_id, nombre) VALUES ('10169', '101', 'TURI');
INSERT INTO cat_parroquias (id, canton_id, nombre) VALUES ('10170', '101', 'VALLE');
INSERT INTO cat_parroquias (id, canton_id, nombre) VALUES ('10171', '101', 'VICTORIA DEL PORTETE (IRQUIS)');
INSERT INTO cat_cantones (id, provincia_id, nombre) VALUES ('102', '1', 'GIRÓN');
INSERT INTO cat_parroquias (id, canton_id, nombre) VALUES ('10250', '102', 'GIRÓN');
INSERT INTO cat_parroquias (id, canton_id, nombre) VALUES ('10251', '102', 'ASUNCIÓN');
INSERT INTO cat_parroquias (id, canton_id, nombre) VALUES ('10252', '102', 'SAN GERARDO');
INSERT INTO cat_cantones (id, provincia_id, nombre) VALUES ('103', '1', 'GUALACEO');
INSERT INTO cat_parroquias (id, canton_id, nombre) VALUES ('10350', '103', 'GUALACEO');
INSERT INTO cat_parroquias (id, canton_id, nombre) VALUES ('10351', '103', 'CHORDELEG');
INSERT INTO cat_parroquias (id, canton_id, nombre) VALUES ('10352', '103', 'DANIEL CÓRDOVA TORAL (EL ORIENTE)');
INSERT INTO cat_parroquias (id, canton_id, nombre) VALUES ('10353', '103', 'JADÁN');
INSERT INTO cat_parroquias (id, canton_id, nombre) VALUES ('10354', '103', 'MARIANO MORENO');
INSERT INTO cat_parroquias (id, canton_id, nombre) VALUES ('10355', '103', 'PRINCIPAL');
INSERT INTO cat_parroquias (id, canton_id, nombre) VALUES ('10356', '103', 'REMIGIO CRESPO TORAL (GÚLAG)');
INSERT INTO cat_parroquias (id, canton_id, nombre) VALUES ('10357', '103', 'SAN JUAN');
INSERT INTO cat_parroquias (id, canton_id, nombre) VALUES ('10358', '103', 'ZHIDMAD');
INSERT INTO cat_parroquias (id, canton_id, nombre) VALUES ('10359', '103', 'LUIS CORDERO VEGA');
INSERT INTO cat_parroquias (id, canton_id, nombre) VALUES ('10360', '103', 'SIMÓN BOLÍVAR (CAB. EN GAÑANZOL)');
INSERT INTO cat_cantones (id, provincia_id, nombre) VALUES ('104', '1', 'NABÓN');
INSERT INTO cat_parroquias (id, canton_id, nombre) VALUES ('10450', '104', 'NABÓN');
INSERT INTO cat_parroquias (id, canton_id, nombre) VALUES ('10451', '104', 'COCHAPATA');
INSERT INTO cat_parroquias (id, canton_id, nombre) VALUES ('10452', '104', 'EL PROGRESO (CAB.EN ZHOTA)');
INSERT INTO cat_parroquias (id, canton_id, nombre) VALUES ('10453', '104', 'LAS NIEVES (CHAYA)');
INSERT INTO cat_parroquias (id, canton_id, nombre) VALUES ('10454', '104', 'OÑA');
INSERT INTO cat_cantones (id, provincia_id, nombre) VALUES ('105', '1', 'PAUTE');
INSERT INTO cat_parroquias (id, canton_id, nombre) VALUES ('10550', '105', 'PAUTE');
INSERT INTO cat_parroquias (id, canton_id, nombre) VALUES ('10551', '105', 'AMALUZA');
INSERT INTO cat_parroquias (id, canton_id, nombre) VALUES ('10552', '105', 'BULÁN (JOSÉ VÍCTOR IZQUIERDO)');
INSERT INTO cat_parroquias (id, canton_id, nombre) VALUES ('10553', '105', 'CHICÁN (GUILLERMO ORTEGA)');
INSERT INTO cat_parroquias (id, canton_id, nombre) VALUES ('10554', '105', 'EL CABO');
INSERT INTO cat_parroquias (id, canton_id, nombre) VALUES ('10555', '105', 'GUACHAPALA');
INSERT INTO cat_parroquias (id, canton_id, nombre) VALUES ('10556', '105', 'GUARAINAG');
INSERT INTO cat_parroquias (id, canton_id, nombre) VALUES ('10557', '105', 'PALMAS');
INSERT INTO cat_parroquias (id, canton_id, nombre) VALUES ('10558', '105', 'PAN');
INSERT INTO cat_parroquias (id, canton_id, nombre) VALUES ('10559', '105', 'SAN CRISTÓBAL (CARLOS ORDÓÑEZ LAZO)');
INSERT INTO cat_parroquias (id, canton_id, nombre) VALUES ('10560', '105', 'SEVILLA DE ORO');
INSERT INTO cat_parroquias (id, canton_id, nombre) VALUES ('10561', '105', 'TOMEBAMBA');
INSERT INTO cat_parroquias (id, canton_id, nombre) VALUES ('10562', '105', 'DUG DUG');
INSERT INTO cat_cantones (id, provincia_id, nombre) VALUES ('106', '1', 'PUCARA');
INSERT INTO cat_parroquias (id, canton_id, nombre) VALUES ('10650', '106', 'PUCARÁ');
INSERT INTO cat_parroquias (id, canton_id, nombre) VALUES ('10651', '106', 'CAMILO PONCE ENRÍQUEZ (CAB. EN RÍO 7 DE MOLLEPONGO)');
INSERT INTO cat_parroquias (id, canton_id, nombre) VALUES ('10652', '106', 'SAN RAFAEL DE SHARUG');
INSERT INTO cat_cantones (id, provincia_id, nombre) VALUES ('107', '1', 'SAN FERNANDO');
INSERT INTO cat_parroquias (id, canton_id, nombre) VALUES ('10750', '107', 'SAN FERNANDO');
INSERT INTO cat_parroquias (id, canton_id, nombre) VALUES ('10751', '107', 'CHUMBLÍN');
INSERT INTO cat_cantones (id, provincia_id, nombre) VALUES ('108', '1', 'SANTA ISABEL');
INSERT INTO cat_parroquias (id, canton_id, nombre) VALUES ('10850', '108', 'SANTA ISABEL (CHAGUARURCO)');
INSERT INTO cat_parroquias (id, canton_id, nombre) VALUES ('10851', '108', 'ABDÓN CALDERÓN (LA UNIÓN)');
INSERT INTO cat_parroquias (id, canton_id, nombre) VALUES ('10852', '108', 'EL CARMEN DE PIJILÍ');
INSERT INTO cat_parroquias (id, canton_id, nombre) VALUES ('10853', '108', 'ZHAGLLI (SHAGLLI)');
INSERT INTO cat_parroquias (id, canton_id, nombre) VALUES ('10854', '108', 'SAN SALVADOR DE CAÑARIBAMBA');
INSERT INTO cat_cantones (id, provincia_id, nombre) VALUES ('109', '1', 'SIGSIG');
INSERT INTO cat_parroquias (id, canton_id, nombre) VALUES ('10950', '109', 'SIGSIG');
INSERT INTO cat_parroquias (id, canton_id, nombre) VALUES ('10951', '109', 'CUCHIL (CUTCHIL)');
INSERT INTO cat_parroquias (id, canton_id, nombre) VALUES ('10952', '109', 'GIMA');
INSERT INTO cat_parroquias (id, canton_id, nombre) VALUES ('10953', '109', 'GUEL');
INSERT INTO cat_parroquias (id, canton_id, nombre) VALUES ('10954', '109', 'LUDO');
INSERT INTO cat_parroquias (id, canton_id, nombre) VALUES ('10955', '109', 'SAN BARTOLOMÉ');
INSERT INTO cat_parroquias (id, canton_id, nombre) VALUES ('10956', '109', 'SAN JOSÉ DE RARANGA');
INSERT INTO cat_cantones (id, provincia_id, nombre) VALUES ('110', '1', 'OÑA');
INSERT INTO cat_parroquias (id, canton_id, nombre) VALUES ('11050', '110', 'SAN FELIPE DE OÑA CABECERA CANTONAL');
INSERT INTO cat_parroquias (id, canton_id, nombre) VALUES ('11051', '110', 'SUSUDEL');
INSERT INTO cat_cantones (id, provincia_id, nombre) VALUES ('111', '1', 'CHORDELEG');
INSERT INTO cat_parroquias (id, canton_id, nombre) VALUES ('11150', '111', 'CHORDELEG');
INSERT INTO cat_parroquias (id, canton_id, nombre) VALUES ('11151', '111', 'PRINCIPAL');
INSERT INTO cat_parroquias (id, canton_id, nombre) VALUES ('11152', '111', 'LA UNIÓN');
INSERT INTO cat_parroquias (id, canton_id, nombre) VALUES ('11153', '111', 'LUIS GALARZA ORELLANA (CAB.EN DELEGSOL)');
INSERT INTO cat_parroquias (id, canton_id, nombre) VALUES ('11154', '111', 'SAN MARTÍN DE PUZHIO');
INSERT INTO cat_cantones (id, provincia_id, nombre) VALUES ('112', '1', 'EL PAN');
INSERT INTO cat_parroquias (id, canton_id, nombre) VALUES ('11250', '112', 'EL PAN');
INSERT INTO cat_parroquias (id, canton_id, nombre) VALUES ('11251', '112', 'AMALUZA');
INSERT INTO cat_parroquias (id, canton_id, nombre) VALUES ('11252', '112', 'PALMAS');
INSERT INTO cat_parroquias (id, canton_id, nombre) VALUES ('11253', '112', 'SAN VICENTE');
INSERT INTO cat_cantones (id, provincia_id, nombre) VALUES ('113', '1', 'SEVILLA DE ORO');
INSERT INTO cat_parroquias (id, canton_id, nombre) VALUES ('11350', '113', 'SEVILLA DE ORO');
INSERT INTO cat_parroquias (id, canton_id, nombre) VALUES ('11351', '113', 'AMALUZA');
INSERT INTO cat_parroquias (id, canton_id, nombre) VALUES ('11352', '113', 'PALMAS');
INSERT INTO cat_cantones (id, provincia_id, nombre) VALUES ('114', '1', 'GUACHAPALA');
INSERT INTO cat_parroquias (id, canton_id, nombre) VALUES ('11450', '114', 'GUACHAPALA');
INSERT INTO cat_cantones (id, provincia_id, nombre) VALUES ('115', '1', 'CAMILO PONCE ENRÍQUEZ');
INSERT INTO cat_parroquias (id, canton_id, nombre) VALUES ('11550', '115', 'CAMILO PONCE ENRÍQUEZ');
INSERT INTO cat_parroquias (id, canton_id, nombre) VALUES ('11551', '115', 'EL CARMEN DE PIJILÍ');
INSERT INTO cat_provincias (id, nombre) VALUES ('2', 'BOLIVAR');
INSERT INTO cat_cantones (id, provincia_id, nombre) VALUES ('201', '2', 'GUARANDA');
INSERT INTO cat_parroquias (id, canton_id, nombre) VALUES ('20101', '201', 'ÁNGEL POLIBIO CHÁVES');
INSERT INTO cat_parroquias (id, canton_id, nombre) VALUES ('20102', '201', 'GABRIEL IGNACIO VEINTIMILLA');
INSERT INTO cat_parroquias (id, canton_id, nombre) VALUES ('20103', '201', 'GUANUJO');
INSERT INTO cat_parroquias (id, canton_id, nombre) VALUES ('20150', '201', 'GUARANDA');
INSERT INTO cat_parroquias (id, canton_id, nombre) VALUES ('20151', '201', 'FACUNDO VELA');
INSERT INTO cat_parroquias (id, canton_id, nombre) VALUES ('20152', '201', 'GUANUJO');
INSERT INTO cat_parroquias (id, canton_id, nombre) VALUES ('20153', '201', 'JULIO E. MORENO (CATANAHUÁN GRANDE)');
INSERT INTO cat_parroquias (id, canton_id, nombre) VALUES ('20154', '201', 'LAS NAVES');
INSERT INTO cat_parroquias (id, canton_id, nombre) VALUES ('20155', '201', 'SALINAS');
INSERT INTO cat_parroquias (id, canton_id, nombre) VALUES ('20156', '201', 'SAN LORENZO');
INSERT INTO cat_parroquias (id, canton_id, nombre) VALUES ('20157', '201', 'SAN SIMÓN (YACOTO)');
INSERT INTO cat_parroquias (id, canton_id, nombre) VALUES ('20158', '201', 'SANTA FÉ (SANTA FÉ)');
INSERT INTO cat_parroquias (id, canton_id, nombre) VALUES ('20159', '201', 'SIMIÁTUG');
INSERT INTO cat_parroquias (id, canton_id, nombre) VALUES ('20160', '201', 'SAN LUIS DE PAMBIL');
INSERT INTO cat_cantones (id, provincia_id, nombre) VALUES ('202', '2', 'CHILLANES');
INSERT INTO cat_parroquias (id, canton_id, nombre) VALUES ('20250', '202', 'CHILLANES');
INSERT INTO cat_parroquias (id, canton_id, nombre) VALUES ('20251', '202', 'SAN JOSÉ DEL TAMBO (TAMBOPAMBA)');
INSERT INTO cat_cantones (id, provincia_id, nombre) VALUES ('203', '2', 'CHIMBO');
INSERT INTO cat_parroquias (id, canton_id, nombre) VALUES ('20350', '203', 'SAN JOSÉ DE CHIMBO');
INSERT INTO cat_parroquias (id, canton_id, nombre) VALUES ('20351', '203', 'ASUNCIÓN (ASANCOTO)');
INSERT INTO cat_parroquias (id, canton_id, nombre) VALUES ('20352', '203', 'CALUMA');
INSERT INTO cat_parroquias (id, canton_id, nombre) VALUES ('20353', '203', 'MAGDALENA (CHAPACOTO)');
INSERT INTO cat_parroquias (id, canton_id, nombre) VALUES ('20354', '203', 'SAN SEBASTIÁN');
INSERT INTO cat_parroquias (id, canton_id, nombre) VALUES ('20355', '203', 'TELIMBELA');
INSERT INTO cat_cantones (id, provincia_id, nombre) VALUES ('204', '2', 'ECHEANDÍA');
INSERT INTO cat_parroquias (id, canton_id, nombre) VALUES ('20450', '204', 'ECHEANDÍA');
INSERT INTO cat_cantones (id, provincia_id, nombre) VALUES ('205', '2', 'SAN MIGUEL');
INSERT INTO cat_parroquias (id, canton_id, nombre) VALUES ('20550', '205', 'SAN MIGUEL');
INSERT INTO cat_parroquias (id, canton_id, nombre) VALUES ('20551', '205', 'BALSAPAMBA');
INSERT INTO cat_parroquias (id, canton_id, nombre) VALUES ('20552', '205', 'BILOVÁN');
INSERT INTO cat_parroquias (id, canton_id, nombre) VALUES ('20553', '205', 'RÉGULO DE MORA');
INSERT INTO cat_parroquias (id, canton_id, nombre) VALUES ('20554', '205', 'SAN PABLO (SAN PABLO DE ATENAS)');
INSERT INTO cat_parroquias (id, canton_id, nombre) VALUES ('20555', '205', 'SANTIAGO');
INSERT INTO cat_parroquias (id, canton_id, nombre) VALUES ('20556', '205', 'SAN VICENTE');
INSERT INTO cat_cantones (id, provincia_id, nombre) VALUES ('206', '2', 'CALUMA');
INSERT INTO cat_parroquias (id, canton_id, nombre) VALUES ('20650', '206', 'CALUMA');
INSERT INTO cat_cantones (id, provincia_id, nombre) VALUES ('207', '2', 'LAS NAVES');
INSERT INTO cat_parroquias (id, canton_id, nombre) VALUES ('20701', '207', 'LAS MERCEDES');
INSERT INTO cat_parroquias (id, canton_id, nombre) VALUES ('20702', '207', 'LAS NAVES');
INSERT INTO cat_parroquias (id, canton_id, nombre) VALUES ('20750', '207', 'LAS NAVES');
INSERT INTO cat_provincias (id, nombre) VALUES ('3', 'CAÑAR');
INSERT INTO cat_cantones (id, provincia_id, nombre) VALUES ('301', '3', 'AZOGUES');
INSERT INTO cat_parroquias (id, canton_id, nombre) VALUES ('30101', '301', 'AURELIO BAYAS MARTÍNEZ');
INSERT INTO cat_parroquias (id, canton_id, nombre) VALUES ('30102', '301', 'AZOGUES');
INSERT INTO cat_parroquias (id, canton_id, nombre) VALUES ('30103', '301', 'BORRERO');
INSERT INTO cat_parroquias (id, canton_id, nombre) VALUES ('30104', '301', 'SAN FRANCISCO');
INSERT INTO cat_parroquias (id, canton_id, nombre) VALUES ('30150', '301', 'AZOGUES');
INSERT INTO cat_parroquias (id, canton_id, nombre) VALUES ('30151', '301', 'COJITAMBO');
INSERT INTO cat_parroquias (id, canton_id, nombre) VALUES ('30152', '301', 'DÉLEG');
INSERT INTO cat_parroquias (id, canton_id, nombre) VALUES ('30153', '301', 'GUAPÁN');
INSERT INTO cat_parroquias (id, canton_id, nombre) VALUES ('30154', '301', 'JAVIER LOYOLA (CHUQUIPATA)');
INSERT INTO cat_parroquias (id, canton_id, nombre) VALUES ('30155', '301', 'LUIS CORDERO');
INSERT INTO cat_parroquias (id, canton_id, nombre) VALUES ('30156', '301', 'PINDILIG');
INSERT INTO cat_parroquias (id, canton_id, nombre) VALUES ('30157', '301', 'RIVERA');
INSERT INTO cat_parroquias (id, canton_id, nombre) VALUES ('30158', '301', 'SAN MIGUEL');
INSERT INTO cat_parroquias (id, canton_id, nombre) VALUES ('30159', '301', 'SOLANO');
INSERT INTO cat_parroquias (id, canton_id, nombre) VALUES ('30160', '301', 'TADAY');
INSERT INTO cat_cantones (id, provincia_id, nombre) VALUES ('302', '3', 'BIBLIÁN');
INSERT INTO cat_parroquias (id, canton_id, nombre) VALUES ('30250', '302', 'BIBLIÁN');
INSERT INTO cat_parroquias (id, canton_id, nombre) VALUES ('30251', '302', 'NAZÓN (CAB. EN PAMPA DE DOMÍNGUEZ)');
INSERT INTO cat_parroquias (id, canton_id, nombre) VALUES ('30252', '302', 'SAN FRANCISCO DE SAGEO');
INSERT INTO cat_parroquias (id, canton_id, nombre) VALUES ('30253', '302', 'TURUPAMBA');
INSERT INTO cat_parroquias (id, canton_id, nombre) VALUES ('30254', '302', 'JERUSALÉN');
INSERT INTO cat_cantones (id, provincia_id, nombre) VALUES ('303', '3', 'CAÑAR');
INSERT INTO cat_parroquias (id, canton_id, nombre) VALUES ('30350', '303', 'CAÑAR');
INSERT INTO cat_parroquias (id, canton_id, nombre) VALUES ('30351', '303', 'CHONTAMARCA');
INSERT INTO cat_parroquias (id, canton_id, nombre) VALUES ('30352', '303', 'CHOROCOPTE');
INSERT INTO cat_parroquias (id, canton_id, nombre) VALUES ('30353', '303', 'GENERAL MORALES (SOCARTE)');
INSERT INTO cat_parroquias (id, canton_id, nombre) VALUES ('30354', '303', 'GUALLETURO');
INSERT INTO cat_parroquias (id, canton_id, nombre) VALUES ('30355', '303', 'HONORATO VÁSQUEZ (TAMBO VIEJO)');
INSERT INTO cat_parroquias (id, canton_id, nombre) VALUES ('30356', '303', 'INGAPIRCA');
INSERT INTO cat_parroquias (id, canton_id, nombre) VALUES ('30357', '303', 'JUNCAL');
INSERT INTO cat_parroquias (id, canton_id, nombre) VALUES ('30358', '303', 'SAN ANTONIO');
INSERT INTO cat_parroquias (id, canton_id, nombre) VALUES ('30359', '303', 'SUSCAL');
INSERT INTO cat_parroquias (id, canton_id, nombre) VALUES ('30360', '303', 'TAMBO');
INSERT INTO cat_parroquias (id, canton_id, nombre) VALUES ('30361', '303', 'ZHUD');
INSERT INTO cat_parroquias (id, canton_id, nombre) VALUES ('30362', '303', 'VENTURA');
INSERT INTO cat_parroquias (id, canton_id, nombre) VALUES ('30363', '303', 'DUCUR');
INSERT INTO cat_cantones (id, provincia_id, nombre) VALUES ('304', '3', 'LA TRONCAL');
INSERT INTO cat_parroquias (id, canton_id, nombre) VALUES ('30450', '304', 'LA TRONCAL');
INSERT INTO cat_parroquias (id, canton_id, nombre) VALUES ('30451', '304', 'MANUEL J. CALLE');
INSERT INTO cat_parroquias (id, canton_id, nombre) VALUES ('30452', '304', 'PANCHO NEGRO');
INSERT INTO cat_cantones (id, provincia_id, nombre) VALUES ('305', '3', 'EL TAMBO');
INSERT INTO cat_parroquias (id, canton_id, nombre) VALUES ('30550', '305', 'EL TAMBO');
INSERT INTO cat_cantones (id, provincia_id, nombre) VALUES ('306', '3', 'DÉLEG');
INSERT INTO cat_parroquias (id, canton_id, nombre) VALUES ('30650', '306', 'DÉLEG');
INSERT INTO cat_parroquias (id, canton_id, nombre) VALUES ('30651', '306', 'SOLANO');
INSERT INTO cat_cantones (id, provincia_id, nombre) VALUES ('307', '3', 'SUSCAL');
INSERT INTO cat_parroquias (id, canton_id, nombre) VALUES ('30750', '307', 'SUSCAL');
INSERT INTO cat_provincias (id, nombre) VALUES ('4', 'CARCHI');
INSERT INTO cat_cantones (id, provincia_id, nombre) VALUES ('401', '4', 'TULCÁN');
INSERT INTO cat_parroquias (id, canton_id, nombre) VALUES ('40101', '401', 'GONZÁLEZ SUÁREZ');
INSERT INTO cat_parroquias (id, canton_id, nombre) VALUES ('40102', '401', 'TULCÁN');
INSERT INTO cat_parroquias (id, canton_id, nombre) VALUES ('40150', '401', 'TULCÁN');
INSERT INTO cat_parroquias (id, canton_id, nombre) VALUES ('40151', '401', 'EL CARMELO (EL PUN)');
INSERT INTO cat_parroquias (id, canton_id, nombre) VALUES ('40152', '401', 'HUACA');
INSERT INTO cat_parroquias (id, canton_id, nombre) VALUES ('40153', '401', 'JULIO ANDRADE (OREJUELA)');
INSERT INTO cat_parroquias (id, canton_id, nombre) VALUES ('40154', '401', 'MALDONADO');
INSERT INTO cat_parroquias (id, canton_id, nombre) VALUES ('40155', '401', 'PIOTER');
INSERT INTO cat_parroquias (id, canton_id, nombre) VALUES ('40156', '401', 'TOBAR DONOSO (LA BOCANA DE CAMUMBÍ)');
INSERT INTO cat_parroquias (id, canton_id, nombre) VALUES ('40157', '401', 'TUFIÑO');
INSERT INTO cat_parroquias (id, canton_id, nombre) VALUES ('40158', '401', 'URBINA (TAYA)');
INSERT INTO cat_parroquias (id, canton_id, nombre) VALUES ('40159', '401', 'EL CHICAL');
INSERT INTO cat_parroquias (id, canton_id, nombre) VALUES ('40160', '401', 'MARISCAL SUCRE');
INSERT INTO cat_parroquias (id, canton_id, nombre) VALUES ('40161', '401', 'SANTA MARTHA DE CUBA');
INSERT INTO cat_cantones (id, provincia_id, nombre) VALUES ('402', '4', 'BOLÍVAR');
INSERT INTO cat_parroquias (id, canton_id, nombre) VALUES ('40250', '402', 'BOLÍVAR');
INSERT INTO cat_parroquias (id, canton_id, nombre) VALUES ('40251', '402', 'GARCÍA MORENO');
INSERT INTO cat_parroquias (id, canton_id, nombre) VALUES ('40252', '402', 'LOS ANDES');
INSERT INTO cat_parroquias (id, canton_id, nombre) VALUES ('40253', '402', 'MONTE OLIVO');
INSERT INTO cat_parroquias (id, canton_id, nombre) VALUES ('40254', '402', 'SAN VICENTE DE PUSIR');
INSERT INTO cat_parroquias (id, canton_id, nombre) VALUES ('40255', '402', 'SAN RAFAEL');
INSERT INTO cat_cantones (id, provincia_id, nombre) VALUES ('403', '4', 'ESPEJO');
INSERT INTO cat_parroquias (id, canton_id, nombre) VALUES ('40301', '403', 'EL ÁNGEL');
INSERT INTO cat_parroquias (id, canton_id, nombre) VALUES ('40302', '403', '27 DE SEPTIEMBRE');
INSERT INTO cat_parroquias (id, canton_id, nombre) VALUES ('40350', '403', 'EL ANGEL');
INSERT INTO cat_parroquias (id, canton_id, nombre) VALUES ('40351', '403', 'EL GOALTAL');
INSERT INTO cat_parroquias (id, canton_id, nombre) VALUES ('40352', '403', 'LA LIBERTAD (ALIZO)');
INSERT INTO cat_parroquias (id, canton_id, nombre) VALUES ('40353', '403', 'SAN ISIDRO');
INSERT INTO cat_cantones (id, provincia_id, nombre) VALUES ('404', '4', 'MIRA');
INSERT INTO cat_parroquias (id, canton_id, nombre) VALUES ('40450', '404', 'MIRA (CHONTAHUASI)');
INSERT INTO cat_parroquias (id, canton_id, nombre) VALUES ('40451', '404', 'CONCEPCIÓN');
INSERT INTO cat_parroquias (id, canton_id, nombre) VALUES ('40452', '404', 'JIJÓN Y CAAMAÑO (CAB. EN RÍO BLANCO)');
INSERT INTO cat_parroquias (id, canton_id, nombre) VALUES ('40453', '404', 'JUAN MONTALVO (SAN IGNACIO DE QUIL)');
INSERT INTO cat_cantones (id, provincia_id, nombre) VALUES ('405', '4', 'MONTÚFAR');
INSERT INTO cat_parroquias (id, canton_id, nombre) VALUES ('40501', '405', 'GONZÁLEZ SUÁREZ');
INSERT INTO cat_parroquias (id, canton_id, nombre) VALUES ('40502', '405', 'SAN JOSÉ');
INSERT INTO cat_parroquias (id, canton_id, nombre) VALUES ('40550', '405', 'SAN GABRIEL');
INSERT INTO cat_parroquias (id, canton_id, nombre) VALUES ('40551', '405', 'CRISTÓBAL COLÓN');
INSERT INTO cat_parroquias (id, canton_id, nombre) VALUES ('40552', '405', 'CHITÁN DE NAVARRETE');
INSERT INTO cat_parroquias (id, canton_id, nombre) VALUES ('40553', '405', 'FERNÁNDEZ SALVADOR');
INSERT INTO cat_parroquias (id, canton_id, nombre) VALUES ('40554', '405', 'LA PAZ');
INSERT INTO cat_parroquias (id, canton_id, nombre) VALUES ('40555', '405', 'PIARTAL');
INSERT INTO cat_cantones (id, provincia_id, nombre) VALUES ('406', '4', 'SAN PEDRO DE HUACA');
INSERT INTO cat_parroquias (id, canton_id, nombre) VALUES ('40650', '406', 'HUACA');
INSERT INTO cat_parroquias (id, canton_id, nombre) VALUES ('40651', '406', 'MARISCAL SUCRE');
INSERT INTO cat_provincias (id, nombre) VALUES ('5', 'COTOPAXI');
INSERT INTO cat_cantones (id, provincia_id, nombre) VALUES ('501', '5', 'LATACUNGA');
INSERT INTO cat_parroquias (id, canton_id, nombre) VALUES ('50101', '501', 'ELOY ALFARO (SAN FELIPE)');
INSERT INTO cat_parroquias (id, canton_id, nombre) VALUES ('50102', '501', 'IGNACIO FLORES (PARQUE FLORES)');
INSERT INTO cat_parroquias (id, canton_id, nombre) VALUES ('50103', '501', 'JUAN MONTALVO (SAN SEBASTIÁN)');
INSERT INTO cat_parroquias (id, canton_id, nombre) VALUES ('50104', '501', 'LA MATRIZ');
INSERT INTO cat_parroquias (id, canton_id, nombre) VALUES ('50105', '501', 'SAN BUENAVENTURA');
INSERT INTO cat_parroquias (id, canton_id, nombre) VALUES ('50150', '501', 'LATACUNGA');
INSERT INTO cat_parroquias (id, canton_id, nombre) VALUES ('50151', '501', 'ALAQUES (ALÁQUEZ)');
INSERT INTO cat_parroquias (id, canton_id, nombre) VALUES ('50152', '501', 'BELISARIO QUEVEDO (GUANAILÍN)');
INSERT INTO cat_parroquias (id, canton_id, nombre) VALUES ('50153', '501', 'GUAITACAMA (GUAYTACAMA)');
INSERT INTO cat_parroquias (id, canton_id, nombre) VALUES ('50154', '501', 'JOSEGUANGO BAJO');
INSERT INTO cat_parroquias (id, canton_id, nombre) VALUES ('50155', '501', 'LAS PAMPAS');
INSERT INTO cat_parroquias (id, canton_id, nombre) VALUES ('50156', '501', 'MULALÓ');
INSERT INTO cat_parroquias (id, canton_id, nombre) VALUES ('50157', '501', '11 DE NOVIEMBRE (ILINCHISI)');
INSERT INTO cat_parroquias (id, canton_id, nombre) VALUES ('50158', '501', 'POALÓ');
INSERT INTO cat_parroquias (id, canton_id, nombre) VALUES ('50159', '501', 'SAN JUAN DE PASTOCALLE');
INSERT INTO cat_parroquias (id, canton_id, nombre) VALUES ('50160', '501', 'SIGCHOS');
INSERT INTO cat_parroquias (id, canton_id, nombre) VALUES ('50161', '501', 'TANICUCHÍ');
INSERT INTO cat_parroquias (id, canton_id, nombre) VALUES ('50162', '501', 'TOACASO');
INSERT INTO cat_parroquias (id, canton_id, nombre) VALUES ('50163', '501', 'PALO QUEMADO');
INSERT INTO cat_cantones (id, provincia_id, nombre) VALUES ('502', '5', 'LA MANÁ');
INSERT INTO cat_parroquias (id, canton_id, nombre) VALUES ('50201', '502', 'EL CARMEN');
INSERT INTO cat_parroquias (id, canton_id, nombre) VALUES ('50202', '502', 'LA MANÁ');
INSERT INTO cat_parroquias (id, canton_id, nombre) VALUES ('50203', '502', 'EL TRIUNFO');
INSERT INTO cat_parroquias (id, canton_id, nombre) VALUES ('50250', '502', 'LA MANÁ');
INSERT INTO cat_parroquias (id, canton_id, nombre) VALUES ('50251', '502', 'GUASAGANDA (CAB.EN GUASAGANDA');
INSERT INTO cat_parroquias (id, canton_id, nombre) VALUES ('50252', '502', 'PUCAYACU');
INSERT INTO cat_cantones (id, provincia_id, nombre) VALUES ('503', '5', 'PANGUA');
INSERT INTO cat_parroquias (id, canton_id, nombre) VALUES ('50350', '503', 'EL CORAZÓN');
INSERT INTO cat_parroquias (id, canton_id, nombre) VALUES ('50351', '503', 'MORASPUNGO');
INSERT INTO cat_parroquias (id, canton_id, nombre) VALUES ('50352', '503', 'PINLLOPATA');
INSERT INTO cat_parroquias (id, canton_id, nombre) VALUES ('50353', '503', 'RAMÓN CAMPAÑA');
INSERT INTO cat_cantones (id, provincia_id, nombre) VALUES ('504', '5', 'PUJILI');
INSERT INTO cat_parroquias (id, canton_id, nombre) VALUES ('50450', '504', 'PUJILÍ');
INSERT INTO cat_parroquias (id, canton_id, nombre) VALUES ('50451', '504', 'ANGAMARCA');
INSERT INTO cat_parroquias (id, canton_id, nombre) VALUES ('50452', '504', 'CHUCCHILÁN (CHUGCHILÁN)');
INSERT INTO cat_parroquias (id, canton_id, nombre) VALUES ('50453', '504', 'GUANGAJE');
INSERT INTO cat_parroquias (id, canton_id, nombre) VALUES ('50454', '504', 'ISINLIBÍ (ISINLIVÍ)');
INSERT INTO cat_parroquias (id, canton_id, nombre) VALUES ('50455', '504', 'LA VICTORIA');
INSERT INTO cat_parroquias (id, canton_id, nombre) VALUES ('50456', '504', 'PILALÓ');
INSERT INTO cat_parroquias (id, canton_id, nombre) VALUES ('50457', '504', 'TINGO');
INSERT INTO cat_parroquias (id, canton_id, nombre) VALUES ('50458', '504', 'ZUMBAHUA');
INSERT INTO cat_cantones (id, provincia_id, nombre) VALUES ('505', '5', 'SALCEDO');
INSERT INTO cat_parroquias (id, canton_id, nombre) VALUES ('50550', '505', 'SAN MIGUEL');
INSERT INTO cat_parroquias (id, canton_id, nombre) VALUES ('50551', '505', 'ANTONIO JOSÉ HOLGUÍN (SANTA LUCÍA)');
INSERT INTO cat_parroquias (id, canton_id, nombre) VALUES ('50552', '505', 'CUSUBAMBA');
INSERT INTO cat_parroquias (id, canton_id, nombre) VALUES ('50553', '505', 'MULALILLO');
INSERT INTO cat_parroquias (id, canton_id, nombre) VALUES ('50554', '505', 'MULLIQUINDIL (SANTA ANA)');
INSERT INTO cat_parroquias (id, canton_id, nombre) VALUES ('50555', '505', 'PANSALEO');
INSERT INTO cat_cantones (id, provincia_id, nombre) VALUES ('506', '5', 'SAQUISILÍ');
INSERT INTO cat_parroquias (id, canton_id, nombre) VALUES ('50650', '506', 'SAQUISILÍ');
INSERT INTO cat_parroquias (id, canton_id, nombre) VALUES ('50651', '506', 'CANCHAGUA');
INSERT INTO cat_parroquias (id, canton_id, nombre) VALUES ('50652', '506', 'CHANTILÍN');
INSERT INTO cat_parroquias (id, canton_id, nombre) VALUES ('50653', '506', 'COCHAPAMBA');
INSERT INTO cat_cantones (id, provincia_id, nombre) VALUES ('507', '5', 'SIGCHOS');
INSERT INTO cat_parroquias (id, canton_id, nombre) VALUES ('50750', '507', 'SIGCHOS');
INSERT INTO cat_parroquias (id, canton_id, nombre) VALUES ('50751', '507', 'CHUGCHILLÁN');
INSERT INTO cat_parroquias (id, canton_id, nombre) VALUES ('50752', '507', 'ISINLIVÍ');
INSERT INTO cat_parroquias (id, canton_id, nombre) VALUES ('50753', '507', 'LAS PAMPAS');
INSERT INTO cat_parroquias (id, canton_id, nombre) VALUES ('50754', '507', 'PALO QUEMADO');
INSERT INTO cat_provincias (id, nombre) VALUES ('6', 'CHIMBORAZO');
INSERT INTO cat_cantones (id, provincia_id, nombre) VALUES ('601', '6', 'RIOBAMBA');
INSERT INTO cat_parroquias (id, canton_id, nombre) VALUES ('60101', '601', 'LIZARZABURU');
INSERT INTO cat_parroquias (id, canton_id, nombre) VALUES ('60102', '601', 'MALDONADO');
INSERT INTO cat_parroquias (id, canton_id, nombre) VALUES ('60103', '601', 'VELASCO');
INSERT INTO cat_parroquias (id, canton_id, nombre) VALUES ('60104', '601', 'VELOZ');
INSERT INTO cat_parroquias (id, canton_id, nombre) VALUES ('60105', '601', 'YARUQUÍES');
INSERT INTO cat_parroquias (id, canton_id, nombre) VALUES ('60150', '601', 'RIOBAMBA');
INSERT INTO cat_parroquias (id, canton_id, nombre) VALUES ('60151', '601', 'CACHA (CAB. EN MACHÁNGARA)');
INSERT INTO cat_parroquias (id, canton_id, nombre) VALUES ('60152', '601', 'CALPI');
INSERT INTO cat_parroquias (id, canton_id, nombre) VALUES ('60153', '601', 'CUBIJÍES');
INSERT INTO cat_parroquias (id, canton_id, nombre) VALUES ('60154', '601', 'FLORES');
INSERT INTO cat_parroquias (id, canton_id, nombre) VALUES ('60155', '601', 'LICÁN');
INSERT INTO cat_parroquias (id, canton_id, nombre) VALUES ('60156', '601', 'LICTO');
INSERT INTO cat_parroquias (id, canton_id, nombre) VALUES ('60157', '601', 'PUNGALÁ');
INSERT INTO cat_parroquias (id, canton_id, nombre) VALUES ('60158', '601', 'PUNÍN');
INSERT INTO cat_parroquias (id, canton_id, nombre) VALUES ('60159', '601', 'QUIMIAG');
INSERT INTO cat_parroquias (id, canton_id, nombre) VALUES ('60160', '601', 'SAN JUAN');
INSERT INTO cat_parroquias (id, canton_id, nombre) VALUES ('60161', '601', 'SAN LUIS');
INSERT INTO cat_cantones (id, provincia_id, nombre) VALUES ('602', '6', 'ALAUSI');
INSERT INTO cat_parroquias (id, canton_id, nombre) VALUES ('60250', '602', 'ALAUSÍ');
INSERT INTO cat_parroquias (id, canton_id, nombre) VALUES ('60251', '602', 'ACHUPALLAS');
INSERT INTO cat_parroquias (id, canton_id, nombre) VALUES ('60252', '602', 'CUMANDÁ');
INSERT INTO cat_parroquias (id, canton_id, nombre) VALUES ('60253', '602', 'GUASUNTOS');
INSERT INTO cat_parroquias (id, canton_id, nombre) VALUES ('60254', '602', 'HUIGRA');
INSERT INTO cat_parroquias (id, canton_id, nombre) VALUES ('60255', '602', 'MULTITUD');
INSERT INTO cat_parroquias (id, canton_id, nombre) VALUES ('60256', '602', 'PISTISHÍ (NARIZ DEL DIABLO)');
INSERT INTO cat_parroquias (id, canton_id, nombre) VALUES ('60257', '602', 'PUMALLACTA');
INSERT INTO cat_parroquias (id, canton_id, nombre) VALUES ('60258', '602', 'SEVILLA');
INSERT INTO cat_parroquias (id, canton_id, nombre) VALUES ('60259', '602', 'SIBAMBE');
INSERT INTO cat_parroquias (id, canton_id, nombre) VALUES ('60260', '602', 'TIXÁN');
INSERT INTO cat_cantones (id, provincia_id, nombre) VALUES ('603', '6', 'COLTA');
INSERT INTO cat_parroquias (id, canton_id, nombre) VALUES ('60301', '603', 'CAJABAMBA');
INSERT INTO cat_parroquias (id, canton_id, nombre) VALUES ('60302', '603', 'SICALPA');
INSERT INTO cat_parroquias (id, canton_id, nombre) VALUES ('60350', '603', 'VILLA LA UNIÓN (CAJABAMBA)');
INSERT INTO cat_parroquias (id, canton_id, nombre) VALUES ('60351', '603', 'CAÑI');
INSERT INTO cat_parroquias (id, canton_id, nombre) VALUES ('60352', '603', 'COLUMBE');
INSERT INTO cat_parroquias (id, canton_id, nombre) VALUES ('60353', '603', 'JUAN DE VELASCO (PANGOR)');
INSERT INTO cat_parroquias (id, canton_id, nombre) VALUES ('60354', '603', 'SANTIAGO DE QUITO (CAB. EN SAN ANTONIO DE QUITO)');
INSERT INTO cat_cantones (id, provincia_id, nombre) VALUES ('604', '6', 'CHAMBO');
INSERT INTO cat_parroquias (id, canton_id, nombre) VALUES ('60450', '604', 'CHAMBO');
INSERT INTO cat_cantones (id, provincia_id, nombre) VALUES ('605', '6', 'CHUNCHI');
INSERT INTO cat_parroquias (id, canton_id, nombre) VALUES ('60550', '605', 'CHUNCHI');
INSERT INTO cat_parroquias (id, canton_id, nombre) VALUES ('60551', '605', 'CAPZOL');
INSERT INTO cat_parroquias (id, canton_id, nombre) VALUES ('60552', '605', 'COMPUD');
INSERT INTO cat_parroquias (id, canton_id, nombre) VALUES ('60553', '605', 'GONZOL');
INSERT INTO cat_parroquias (id, canton_id, nombre) VALUES ('60554', '605', 'LLAGOS');
INSERT INTO cat_cantones (id, provincia_id, nombre) VALUES ('606', '6', 'GUAMOTE');
INSERT INTO cat_parroquias (id, canton_id, nombre) VALUES ('60650', '606', 'GUAMOTE');
INSERT INTO cat_parroquias (id, canton_id, nombre) VALUES ('60651', '606', 'CEBADAS');
INSERT INTO cat_parroquias (id, canton_id, nombre) VALUES ('60652', '606', 'PALMIRA');
INSERT INTO cat_cantones (id, provincia_id, nombre) VALUES ('607', '6', 'GUANO');
INSERT INTO cat_parroquias (id, canton_id, nombre) VALUES ('60701', '607', 'EL ROSARIO');
INSERT INTO cat_parroquias (id, canton_id, nombre) VALUES ('60702', '607', 'LA MATRIZ');
INSERT INTO cat_parroquias (id, canton_id, nombre) VALUES ('60750', '607', 'GUANO');
INSERT INTO cat_parroquias (id, canton_id, nombre) VALUES ('60751', '607', 'GUANANDO');
INSERT INTO cat_parroquias (id, canton_id, nombre) VALUES ('60752', '607', 'ILAPO');
INSERT INTO cat_parroquias (id, canton_id, nombre) VALUES ('60753', '607', 'LA PROVIDENCIA');
INSERT INTO cat_parroquias (id, canton_id, nombre) VALUES ('60754', '607', 'SAN ANDRÉS');
INSERT INTO cat_parroquias (id, canton_id, nombre) VALUES ('60755', '607', 'SAN GERARDO DE PACAICAGUÁN');
INSERT INTO cat_parroquias (id, canton_id, nombre) VALUES ('60756', '607', 'SAN ISIDRO DE PATULÚ');
INSERT INTO cat_parroquias (id, canton_id, nombre) VALUES ('60757', '607', 'SAN JOSÉ DEL CHAZO');
INSERT INTO cat_parroquias (id, canton_id, nombre) VALUES ('60758', '607', 'SANTA FÉ DE GALÁN');
INSERT INTO cat_parroquias (id, canton_id, nombre) VALUES ('60759', '607', 'VALPARAÍSO');
INSERT INTO cat_cantones (id, provincia_id, nombre) VALUES ('608', '6', 'PALLATANGA');
INSERT INTO cat_parroquias (id, canton_id, nombre) VALUES ('60850', '608', 'PALLATANGA');
INSERT INTO cat_cantones (id, provincia_id, nombre) VALUES ('609', '6', 'PENIPE');
INSERT INTO cat_parroquias (id, canton_id, nombre) VALUES ('60950', '609', 'PENIPE');
INSERT INTO cat_parroquias (id, canton_id, nombre) VALUES ('60951', '609', 'EL ALTAR');
INSERT INTO cat_parroquias (id, canton_id, nombre) VALUES ('60952', '609', 'MATUS');
INSERT INTO cat_parroquias (id, canton_id, nombre) VALUES ('60953', '609', 'PUELA');
INSERT INTO cat_parroquias (id, canton_id, nombre) VALUES ('60954', '609', 'SAN ANTONIO DE BAYUSHIG');
INSERT INTO cat_parroquias (id, canton_id, nombre) VALUES ('60955', '609', 'LA CANDELARIA');
INSERT INTO cat_parroquias (id, canton_id, nombre) VALUES ('60956', '609', 'BILBAO (CAB.EN QUILLUYACU)');
INSERT INTO cat_cantones (id, provincia_id, nombre) VALUES ('610', '6', 'CUMANDÁ');
INSERT INTO cat_parroquias (id, canton_id, nombre) VALUES ('61050', '610', 'CUMANDÁ');
INSERT INTO cat_provincias (id, nombre) VALUES ('7', 'EL ORO');
INSERT INTO cat_cantones (id, provincia_id, nombre) VALUES ('701', '7', 'MACHALA');
INSERT INTO cat_parroquias (id, canton_id, nombre) VALUES ('70101', '701', 'LA PROVIDENCIA');
INSERT INTO cat_parroquias (id, canton_id, nombre) VALUES ('70102', '701', 'MACHALA');
INSERT INTO cat_parroquias (id, canton_id, nombre) VALUES ('70103', '701', 'PUERTO BOLÍVAR');
INSERT INTO cat_parroquias (id, canton_id, nombre) VALUES ('70104', '701', 'NUEVE DE MAYO');
INSERT INTO cat_parroquias (id, canton_id, nombre) VALUES ('70105', '701', 'EL CAMBIO');
INSERT INTO cat_parroquias (id, canton_id, nombre) VALUES ('70150', '701', 'MACHALA');
INSERT INTO cat_parroquias (id, canton_id, nombre) VALUES ('70151', '701', 'EL CAMBIO');
INSERT INTO cat_parroquias (id, canton_id, nombre) VALUES ('70152', '701', 'EL RETIRO');
INSERT INTO cat_cantones (id, provincia_id, nombre) VALUES ('702', '7', 'ARENILLAS');
INSERT INTO cat_parroquias (id, canton_id, nombre) VALUES ('70250', '702', 'ARENILLAS');
INSERT INTO cat_parroquias (id, canton_id, nombre) VALUES ('70251', '702', 'CHACRAS');
INSERT INTO cat_parroquias (id, canton_id, nombre) VALUES ('70252', '702', 'LA LIBERTAD');
INSERT INTO cat_parroquias (id, canton_id, nombre) VALUES ('70253', '702', 'LAS LAJAS (CAB. EN LA VICTORIA)');
INSERT INTO cat_parroquias (id, canton_id, nombre) VALUES ('70254', '702', 'PALMALES');
INSERT INTO cat_parroquias (id, canton_id, nombre) VALUES ('70255', '702', 'CARCABÓN');
INSERT INTO cat_cantones (id, provincia_id, nombre) VALUES ('703', '7', 'ATAHUALPA');
INSERT INTO cat_parroquias (id, canton_id, nombre) VALUES ('70350', '703', 'PACCHA');
INSERT INTO cat_parroquias (id, canton_id, nombre) VALUES ('70351', '703', 'AYAPAMBA');
INSERT INTO cat_parroquias (id, canton_id, nombre) VALUES ('70352', '703', 'CORDONCILLO');
INSERT INTO cat_parroquias (id, canton_id, nombre) VALUES ('70353', '703', 'MILAGRO');
INSERT INTO cat_parroquias (id, canton_id, nombre) VALUES ('70354', '703', 'SAN JOSÉ');
INSERT INTO cat_parroquias (id, canton_id, nombre) VALUES ('70355', '703', 'SAN JUAN DE CERRO AZUL');
INSERT INTO cat_cantones (id, provincia_id, nombre) VALUES ('704', '7', 'BALSAS');
INSERT INTO cat_parroquias (id, canton_id, nombre) VALUES ('70450', '704', 'BALSAS');
INSERT INTO cat_parroquias (id, canton_id, nombre) VALUES ('70451', '704', 'BELLAMARÍA');
INSERT INTO cat_cantones (id, provincia_id, nombre) VALUES ('705', '7', 'CHILLA');
INSERT INTO cat_parroquias (id, canton_id, nombre) VALUES ('70550', '705', 'CHILLA');
INSERT INTO cat_cantones (id, provincia_id, nombre) VALUES ('706', '7', 'EL GUABO');
INSERT INTO cat_parroquias (id, canton_id, nombre) VALUES ('70650', '706', 'EL GUABO');
INSERT INTO cat_parroquias (id, canton_id, nombre) VALUES ('70651', '706', 'BARBONES (SUCRE)');
INSERT INTO cat_parroquias (id, canton_id, nombre) VALUES ('70652', '706', 'LA IBERIA');
INSERT INTO cat_parroquias (id, canton_id, nombre) VALUES ('70653', '706', 'TENDALES (CAB.EN PUERTO TENDALES)');
INSERT INTO cat_parroquias (id, canton_id, nombre) VALUES ('70654', '706', 'RÍO BONITO');
INSERT INTO cat_cantones (id, provincia_id, nombre) VALUES ('707', '7', 'HUAQUILLAS');
INSERT INTO cat_parroquias (id, canton_id, nombre) VALUES ('70701', '707', 'ECUADOR');
INSERT INTO cat_parroquias (id, canton_id, nombre) VALUES ('70702', '707', 'EL PARAÍSO');
INSERT INTO cat_parroquias (id, canton_id, nombre) VALUES ('70703', '707', 'HUALTACO');
INSERT INTO cat_parroquias (id, canton_id, nombre) VALUES ('70704', '707', 'MILTON REYES');
INSERT INTO cat_parroquias (id, canton_id, nombre) VALUES ('70705', '707', 'UNIÓN LOJANA');
INSERT INTO cat_parroquias (id, canton_id, nombre) VALUES ('70750', '707', 'HUAQUILLAS');
INSERT INTO cat_cantones (id, provincia_id, nombre) VALUES ('708', '7', 'MARCABELÍ');
INSERT INTO cat_parroquias (id, canton_id, nombre) VALUES ('70850', '708', 'MARCABELÍ');
INSERT INTO cat_parroquias (id, canton_id, nombre) VALUES ('70851', '708', 'EL INGENIO');
INSERT INTO cat_cantones (id, provincia_id, nombre) VALUES ('709', '7', 'PASAJE');
INSERT INTO cat_parroquias (id, canton_id, nombre) VALUES ('70901', '709', 'BOLÍVAR');
INSERT INTO cat_parroquias (id, canton_id, nombre) VALUES ('70902', '709', 'LOMA DE FRANCO');
INSERT INTO cat_parroquias (id, canton_id, nombre) VALUES ('70903', '709', 'OCHOA LEÓN (MATRIZ)');
INSERT INTO cat_parroquias (id, canton_id, nombre) VALUES ('70904', '709', 'TRES CERRITOS');
INSERT INTO cat_parroquias (id, canton_id, nombre) VALUES ('70950', '709', 'PASAJE');
INSERT INTO cat_parroquias (id, canton_id, nombre) VALUES ('70951', '709', 'BUENAVISTA');
INSERT INTO cat_parroquias (id, canton_id, nombre) VALUES ('70952', '709', 'CASACAY');
INSERT INTO cat_parroquias (id, canton_id, nombre) VALUES ('70953', '709', 'LA PEAÑA');
INSERT INTO cat_parroquias (id, canton_id, nombre) VALUES ('70954', '709', 'PROGRESO');
INSERT INTO cat_parroquias (id, canton_id, nombre) VALUES ('70955', '709', 'UZHCURRUMI');
INSERT INTO cat_parroquias (id, canton_id, nombre) VALUES ('70956', '709', 'CAÑAQUEMADA');
INSERT INTO cat_cantones (id, provincia_id, nombre) VALUES ('710', '7', 'PIÑAS');
INSERT INTO cat_parroquias (id, canton_id, nombre) VALUES ('71001', '710', 'LA MATRIZ');
INSERT INTO cat_parroquias (id, canton_id, nombre) VALUES ('71002', '710', 'LA SUSAYA');
INSERT INTO cat_parroquias (id, canton_id, nombre) VALUES ('71003', '710', 'PIÑAS GRANDE');
INSERT INTO cat_parroquias (id, canton_id, nombre) VALUES ('71050', '710', 'PIÑAS');
INSERT INTO cat_parroquias (id, canton_id, nombre) VALUES ('71051', '710', 'CAPIRO (CAB. EN LA CAPILLA DE CAPIRO)');
INSERT INTO cat_parroquias (id, canton_id, nombre) VALUES ('71052', '710', 'LA BOCANA');
INSERT INTO cat_parroquias (id, canton_id, nombre) VALUES ('71053', '710', 'MOROMORO (CAB. EN EL VADO)');
INSERT INTO cat_parroquias (id, canton_id, nombre) VALUES ('71054', '710', 'PIEDRAS');
INSERT INTO cat_parroquias (id, canton_id, nombre) VALUES ('71055', '710', 'SAN ROQUE (AMBROSIO MALDONADO)');
INSERT INTO cat_parroquias (id, canton_id, nombre) VALUES ('71056', '710', 'SARACAY');
INSERT INTO cat_cantones (id, provincia_id, nombre) VALUES ('711', '7', 'PORTOVELO');
INSERT INTO cat_parroquias (id, canton_id, nombre) VALUES ('71150', '711', 'PORTOVELO');
INSERT INTO cat_parroquias (id, canton_id, nombre) VALUES ('71151', '711', 'CURTINCAPA');
INSERT INTO cat_parroquias (id, canton_id, nombre) VALUES ('71152', '711', 'MORALES');
INSERT INTO cat_parroquias (id, canton_id, nombre) VALUES ('71153', '711', 'SALATÍ');
INSERT INTO cat_cantones (id, provincia_id, nombre) VALUES ('712', '7', 'SANTA ROSA');
INSERT INTO cat_parroquias (id, canton_id, nombre) VALUES ('71201', '712', 'SANTA ROSA');
INSERT INTO cat_parroquias (id, canton_id, nombre) VALUES ('71202', '712', 'PUERTO JELÍ');
INSERT INTO cat_parroquias (id, canton_id, nombre) VALUES ('71203', '712', 'BALNEARIO JAMBELÍ (SATÉLITE)');
INSERT INTO cat_parroquias (id, canton_id, nombre) VALUES ('71204', '712', 'JUMÓN (SATÉLITE)');
INSERT INTO cat_parroquias (id, canton_id, nombre) VALUES ('71205', '712', 'NUEVO SANTA ROSA');
INSERT INTO cat_parroquias (id, canton_id, nombre) VALUES ('71250', '712', 'SANTA ROSA');
INSERT INTO cat_parroquias (id, canton_id, nombre) VALUES ('71251', '712', 'BELLAVISTA');
INSERT INTO cat_parroquias (id, canton_id, nombre) VALUES ('71252', '712', 'JAMBELÍ');
INSERT INTO cat_parroquias (id, canton_id, nombre) VALUES ('71253', '712', 'LA AVANZADA');
INSERT INTO cat_parroquias (id, canton_id, nombre) VALUES ('71254', '712', 'SAN ANTONIO');
INSERT INTO cat_parroquias (id, canton_id, nombre) VALUES ('71255', '712', 'TORATA');
INSERT INTO cat_parroquias (id, canton_id, nombre) VALUES ('71256', '712', 'VICTORIA');
INSERT INTO cat_parroquias (id, canton_id, nombre) VALUES ('71257', '712', 'BELLAMARÍA');
INSERT INTO cat_cantones (id, provincia_id, nombre) VALUES ('713', '7', 'ZARUMA');
INSERT INTO cat_parroquias (id, canton_id, nombre) VALUES ('71350', '713', 'ZARUMA');
INSERT INTO cat_parroquias (id, canton_id, nombre) VALUES ('71351', '713', 'ABAÑÍN');
INSERT INTO cat_parroquias (id, canton_id, nombre) VALUES ('71352', '713', 'ARCAPAMBA');
INSERT INTO cat_parroquias (id, canton_id, nombre) VALUES ('71353', '713', 'GUANAZÁN');
INSERT INTO cat_parroquias (id, canton_id, nombre) VALUES ('71354', '713', 'GUIZHAGUIÑA');
INSERT INTO cat_parroquias (id, canton_id, nombre) VALUES ('71355', '713', 'HUERTAS');
INSERT INTO cat_parroquias (id, canton_id, nombre) VALUES ('71356', '713', 'MALVAS');
INSERT INTO cat_parroquias (id, canton_id, nombre) VALUES ('71357', '713', 'MULUNCAY GRANDE');
INSERT INTO cat_parroquias (id, canton_id, nombre) VALUES ('71358', '713', 'SINSAO');
INSERT INTO cat_parroquias (id, canton_id, nombre) VALUES ('71359', '713', 'SALVIAS');
INSERT INTO cat_cantones (id, provincia_id, nombre) VALUES ('714', '7', 'LAS LAJAS');
INSERT INTO cat_parroquias (id, canton_id, nombre) VALUES ('71401', '714', 'LA VICTORIA');
INSERT INTO cat_parroquias (id, canton_id, nombre) VALUES ('71402', '714', 'PLATANILLOS');
INSERT INTO cat_parroquias (id, canton_id, nombre) VALUES ('71403', '714', 'VALLE HERMOSO');
INSERT INTO cat_parroquias (id, canton_id, nombre) VALUES ('71450', '714', 'LA VICTORIA');
INSERT INTO cat_parroquias (id, canton_id, nombre) VALUES ('71451', '714', 'LA LIBERTAD');
INSERT INTO cat_parroquias (id, canton_id, nombre) VALUES ('71452', '714', 'EL PARAÍSO');
INSERT INTO cat_parroquias (id, canton_id, nombre) VALUES ('71453', '714', 'SAN ISIDRO');
INSERT INTO cat_provincias (id, nombre) VALUES ('8', 'ESMERALDAS');
INSERT INTO cat_cantones (id, provincia_id, nombre) VALUES ('801', '8', 'ESMERALDAS');
INSERT INTO cat_parroquias (id, canton_id, nombre) VALUES ('80101', '801', 'BARTOLOMÉ RUIZ (CÉSAR FRANCO CARRIÓN)');
INSERT INTO cat_parroquias (id, canton_id, nombre) VALUES ('80102', '801', '5 DE AGOSTO');
INSERT INTO cat_parroquias (id, canton_id, nombre) VALUES ('80103', '801', 'ESMERALDAS');
INSERT INTO cat_parroquias (id, canton_id, nombre) VALUES ('80104', '801', 'LUIS TELLO (LAS PALMAS)');
INSERT INTO cat_parroquias (id, canton_id, nombre) VALUES ('80105', '801', 'SIMÓN PLATA TORRES');
INSERT INTO cat_parroquias (id, canton_id, nombre) VALUES ('80150', '801', 'ESMERALDAS');
INSERT INTO cat_parroquias (id, canton_id, nombre) VALUES ('80151', '801', 'ATACAMES');
INSERT INTO cat_parroquias (id, canton_id, nombre) VALUES ('80152', '801', 'CAMARONES (CAB. EN SAN VICENTE)');
INSERT INTO cat_parroquias (id, canton_id, nombre) VALUES ('80153', '801', 'CRNEL. CARLOS CONCHA TORRES (CAB.EN HUELE)');
INSERT INTO cat_parroquias (id, canton_id, nombre) VALUES ('80154', '801', 'CHINCA');
INSERT INTO cat_parroquias (id, canton_id, nombre) VALUES ('80155', '801', 'CHONTADURO');
INSERT INTO cat_parroquias (id, canton_id, nombre) VALUES ('80156', '801', 'CHUMUNDÉ');
INSERT INTO cat_parroquias (id, canton_id, nombre) VALUES ('80157', '801', 'LAGARTO');
INSERT INTO cat_parroquias (id, canton_id, nombre) VALUES ('80158', '801', 'LA UNIÓN');
INSERT INTO cat_parroquias (id, canton_id, nombre) VALUES ('80159', '801', 'MAJUA');
INSERT INTO cat_parroquias (id, canton_id, nombre) VALUES ('80160', '801', 'MONTALVO (CAB. EN HORQUETA)');
INSERT INTO cat_parroquias (id, canton_id, nombre) VALUES ('80161', '801', 'RÍO VERDE');
INSERT INTO cat_parroquias (id, canton_id, nombre) VALUES ('80162', '801', 'ROCAFUERTE');
INSERT INTO cat_parroquias (id, canton_id, nombre) VALUES ('80163', '801', 'SAN MATEO');
INSERT INTO cat_parroquias (id, canton_id, nombre) VALUES ('80164', '801', 'SÚA (CAB. EN LA BOCANA)');
INSERT INTO cat_parroquias (id, canton_id, nombre) VALUES ('80165', '801', 'TABIAZO');
INSERT INTO cat_parroquias (id, canton_id, nombre) VALUES ('80166', '801', 'TACHINA');
INSERT INTO cat_parroquias (id, canton_id, nombre) VALUES ('80167', '801', 'TONCHIGÜE');
INSERT INTO cat_parroquias (id, canton_id, nombre) VALUES ('80168', '801', 'VUELTA LARGA');
INSERT INTO cat_cantones (id, provincia_id, nombre) VALUES ('802', '8', 'ELOY ALFARO');
INSERT INTO cat_parroquias (id, canton_id, nombre) VALUES ('80250', '802', 'VALDEZ (LIMONES)');
INSERT INTO cat_parroquias (id, canton_id, nombre) VALUES ('80251', '802', 'ANCHAYACU');
INSERT INTO cat_parroquias (id, canton_id, nombre) VALUES ('80252', '802', 'ATAHUALPA (CAB. EN CAMARONES)');
INSERT INTO cat_parroquias (id, canton_id, nombre) VALUES ('80253', '802', 'BORBÓN');
INSERT INTO cat_parroquias (id, canton_id, nombre) VALUES ('80254', '802', 'LA TOLA');
INSERT INTO cat_parroquias (id, canton_id, nombre) VALUES ('80255', '802', 'LUIS VARGAS TORRES (CAB. EN PLAYA DE ORO)');
INSERT INTO cat_parroquias (id, canton_id, nombre) VALUES ('80256', '802', 'MALDONADO');
INSERT INTO cat_parroquias (id, canton_id, nombre) VALUES ('80257', '802', 'PAMPANAL DE BOLÍVAR');
INSERT INTO cat_parroquias (id, canton_id, nombre) VALUES ('80258', '802', 'SAN FRANCISCO DE ONZOLE');
INSERT INTO cat_parroquias (id, canton_id, nombre) VALUES ('80259', '802', 'SANTO DOMINGO DE ONZOLE');
INSERT INTO cat_parroquias (id, canton_id, nombre) VALUES ('80260', '802', 'SELVA ALEGRE');
INSERT INTO cat_parroquias (id, canton_id, nombre) VALUES ('80261', '802', 'TELEMBÍ');
INSERT INTO cat_parroquias (id, canton_id, nombre) VALUES ('80262', '802', 'COLÓN ELOY DEL MARÍA');
INSERT INTO cat_parroquias (id, canton_id, nombre) VALUES ('80263', '802', 'SAN JOSÉ DE CAYAPAS');
INSERT INTO cat_parroquias (id, canton_id, nombre) VALUES ('80264', '802', 'TIMBIRÉ');
INSERT INTO cat_cantones (id, provincia_id, nombre) VALUES ('803', '8', 'MUISNE');
INSERT INTO cat_parroquias (id, canton_id, nombre) VALUES ('80350', '803', 'MUISNE');
INSERT INTO cat_parroquias (id, canton_id, nombre) VALUES ('80351', '803', 'BOLÍVAR');
INSERT INTO cat_parroquias (id, canton_id, nombre) VALUES ('80352', '803', 'DAULE');
INSERT INTO cat_parroquias (id, canton_id, nombre) VALUES ('80353', '803', 'GALERA');
INSERT INTO cat_parroquias (id, canton_id, nombre) VALUES ('80354', '803', 'QUINGUE (OLMEDO PERDOMO FRANCO)');
INSERT INTO cat_parroquias (id, canton_id, nombre) VALUES ('80355', '803', 'SALIMA');
INSERT INTO cat_parroquias (id, canton_id, nombre) VALUES ('80356', '803', 'SAN FRANCISCO');
INSERT INTO cat_parroquias (id, canton_id, nombre) VALUES ('80357', '803', 'SAN GREGORIO');
INSERT INTO cat_parroquias (id, canton_id, nombre) VALUES ('80358', '803', 'SAN JOSÉ DE CHAMANGA (CAB.EN CHAMANGA)');
INSERT INTO cat_cantones (id, provincia_id, nombre) VALUES ('804', '8', 'QUININDÉ');
INSERT INTO cat_parroquias (id, canton_id, nombre) VALUES ('80450', '804', 'ROSA ZÁRATE (QUININDÉ)');
INSERT INTO cat_parroquias (id, canton_id, nombre) VALUES ('80451', '804', 'CUBE');
INSERT INTO cat_parroquias (id, canton_id, nombre) VALUES ('80452', '804', 'CHURA (CHANCAMA) (CAB. EN EL YERBERO)');
INSERT INTO cat_parroquias (id, canton_id, nombre) VALUES ('80453', '804', 'MALIMPIA');
INSERT INTO cat_parroquias (id, canton_id, nombre) VALUES ('80454', '804', 'VICHE');
INSERT INTO cat_parroquias (id, canton_id, nombre) VALUES ('80455', '804', 'LA UNIÓN');
INSERT INTO cat_cantones (id, provincia_id, nombre) VALUES ('805', '8', 'SAN LORENZO');
INSERT INTO cat_parroquias (id, canton_id, nombre) VALUES ('80550', '805', 'SAN LORENZO');
INSERT INTO cat_parroquias (id, canton_id, nombre) VALUES ('80551', '805', 'ALTO TAMBO (CAB. EN GUADUAL)');
INSERT INTO cat_parroquias (id, canton_id, nombre) VALUES ('80552', '805', 'ANCÓN (PICHANGAL) (CAB. EN PALMA REAL)');
INSERT INTO cat_parroquias (id, canton_id, nombre) VALUES ('80553', '805', 'CALDERÓN');
INSERT INTO cat_parroquias (id, canton_id, nombre) VALUES ('80554', '805', 'CARONDELET');
INSERT INTO cat_parroquias (id, canton_id, nombre) VALUES ('80555', '805', '5 DE JUNIO (CAB. EN UIMBI)');
INSERT INTO cat_parroquias (id, canton_id, nombre) VALUES ('80556', '805', 'CONCEPCIÓN');
INSERT INTO cat_parroquias (id, canton_id, nombre) VALUES ('80557', '805', 'MATAJE (CAB. EN SANTANDER)');
INSERT INTO cat_parroquias (id, canton_id, nombre) VALUES ('80558', '805', 'SAN JAVIER DE CACHAVÍ (CAB. EN SAN JAVIER)');
INSERT INTO cat_parroquias (id, canton_id, nombre) VALUES ('80559', '805', 'SANTA RITA');
INSERT INTO cat_parroquias (id, canton_id, nombre) VALUES ('80560', '805', 'TAMBILLO');
INSERT INTO cat_parroquias (id, canton_id, nombre) VALUES ('80561', '805', 'TULULBÍ (CAB. EN RICAURTE)');
INSERT INTO cat_parroquias (id, canton_id, nombre) VALUES ('80562', '805', 'URBINA');
INSERT INTO cat_cantones (id, provincia_id, nombre) VALUES ('806', '8', 'ATACAMES');
INSERT INTO cat_parroquias (id, canton_id, nombre) VALUES ('80650', '806', 'ATACAMES');
INSERT INTO cat_parroquias (id, canton_id, nombre) VALUES ('80651', '806', 'LA UNIÓN');
INSERT INTO cat_parroquias (id, canton_id, nombre) VALUES ('80652', '806', 'SÚA (CAB. EN LA BOCANA)');
INSERT INTO cat_parroquias (id, canton_id, nombre) VALUES ('80653', '806', 'TONCHIGÜE');
INSERT INTO cat_parroquias (id, canton_id, nombre) VALUES ('80654', '806', 'TONSUPA');
INSERT INTO cat_cantones (id, provincia_id, nombre) VALUES ('807', '8', 'RIOVERDE');
INSERT INTO cat_parroquias (id, canton_id, nombre) VALUES ('80750', '807', 'RIOVERDE');
INSERT INTO cat_parroquias (id, canton_id, nombre) VALUES ('80751', '807', 'CHONTADURO');
INSERT INTO cat_parroquias (id, canton_id, nombre) VALUES ('80752', '807', 'CHUMUNDÉ');
INSERT INTO cat_parroquias (id, canton_id, nombre) VALUES ('80753', '807', 'LAGARTO');
INSERT INTO cat_parroquias (id, canton_id, nombre) VALUES ('80754', '807', 'MONTALVO (CAB. EN HORQUETA)');
INSERT INTO cat_parroquias (id, canton_id, nombre) VALUES ('80755', '807', 'ROCAFUERTE');
INSERT INTO cat_cantones (id, provincia_id, nombre) VALUES ('808', '8', 'LA CONCORDIA');
INSERT INTO cat_parroquias (id, canton_id, nombre) VALUES ('80850', '808', 'LA CONCORDIA');
INSERT INTO cat_parroquias (id, canton_id, nombre) VALUES ('80851', '808', 'MONTERREY');
INSERT INTO cat_parroquias (id, canton_id, nombre) VALUES ('80852', '808', 'LA VILLEGAS');
INSERT INTO cat_parroquias (id, canton_id, nombre) VALUES ('80853', '808', 'PLAN PILOTO');
INSERT INTO cat_provincias (id, nombre) VALUES ('9', 'GUAYAS');
INSERT INTO cat_cantones (id, provincia_id, nombre) VALUES ('901', '9', 'GUAYAQUIL');
INSERT INTO cat_parroquias (id, canton_id, nombre) VALUES ('90101', '901', 'AYACUCHO');
INSERT INTO cat_parroquias (id, canton_id, nombre) VALUES ('90102', '901', 'BOLÍVAR (SAGRARIO)');
INSERT INTO cat_parroquias (id, canton_id, nombre) VALUES ('90103', '901', 'CARBO (CONCEPCIÓN)');
INSERT INTO cat_parroquias (id, canton_id, nombre) VALUES ('90104', '901', 'FEBRES CORDERO');
INSERT INTO cat_parroquias (id, canton_id, nombre) VALUES ('90105', '901', 'GARCÍA MORENO');
INSERT INTO cat_parroquias (id, canton_id, nombre) VALUES ('90106', '901', 'LETAMENDI');
INSERT INTO cat_parroquias (id, canton_id, nombre) VALUES ('90107', '901', 'NUEVE DE OCTUBRE');
INSERT INTO cat_parroquias (id, canton_id, nombre) VALUES ('90108', '901', 'OLMEDO (SAN ALEJO)');
INSERT INTO cat_parroquias (id, canton_id, nombre) VALUES ('90109', '901', 'ROCA');
INSERT INTO cat_parroquias (id, canton_id, nombre) VALUES ('90110', '901', 'ROCAFUERTE');
INSERT INTO cat_parroquias (id, canton_id, nombre) VALUES ('90111', '901', 'SUCRE');
INSERT INTO cat_parroquias (id, canton_id, nombre) VALUES ('90112', '901', 'TARQUI');
INSERT INTO cat_parroquias (id, canton_id, nombre) VALUES ('90113', '901', 'URDANETA');
INSERT INTO cat_parroquias (id, canton_id, nombre) VALUES ('90114', '901', 'XIMENA');
INSERT INTO cat_parroquias (id, canton_id, nombre) VALUES ('90115', '901', 'PASCUALES');
INSERT INTO cat_parroquias (id, canton_id, nombre) VALUES ('90150', '901', 'GUAYAQUIL');
INSERT INTO cat_parroquias (id, canton_id, nombre) VALUES ('90151', '901', 'CHONGÓN');
INSERT INTO cat_parroquias (id, canton_id, nombre) VALUES ('90152', '901', 'JUAN GÓMEZ RENDÓN (PROGRESO)');
INSERT INTO cat_parroquias (id, canton_id, nombre) VALUES ('90153', '901', 'MORRO');
INSERT INTO cat_parroquias (id, canton_id, nombre) VALUES ('90154', '901', 'PASCUALES');
INSERT INTO cat_parroquias (id, canton_id, nombre) VALUES ('90155', '901', 'PLAYAS (GRAL. VILLAMIL)');
INSERT INTO cat_parroquias (id, canton_id, nombre) VALUES ('90156', '901', 'POSORJA');
INSERT INTO cat_parroquias (id, canton_id, nombre) VALUES ('90157', '901', 'PUNÁ');
INSERT INTO cat_parroquias (id, canton_id, nombre) VALUES ('90158', '901', 'TENGUEL');
INSERT INTO cat_cantones (id, provincia_id, nombre) VALUES ('902', '9', 'ALFREDO BAQUERIZO MORENO (JUJÁN)');
INSERT INTO cat_parroquias (id, canton_id, nombre) VALUES ('90250', '902', 'ALFREDO BAQUERIZO MORENO (JUJÁN)');
INSERT INTO cat_cantones (id, provincia_id, nombre) VALUES ('903', '9', 'BALAO');
INSERT INTO cat_parroquias (id, canton_id, nombre) VALUES ('90350', '903', 'BALAO');
INSERT INTO cat_cantones (id, provincia_id, nombre) VALUES ('904', '9', 'BALZAR');
INSERT INTO cat_parroquias (id, canton_id, nombre) VALUES ('90450', '904', 'BALZAR');
INSERT INTO cat_cantones (id, provincia_id, nombre) VALUES ('905', '9', 'COLIMES');
INSERT INTO cat_parroquias (id, canton_id, nombre) VALUES ('90550', '905', 'COLIMES');
INSERT INTO cat_parroquias (id, canton_id, nombre) VALUES ('90551', '905', 'SAN JACINTO');
INSERT INTO cat_cantones (id, provincia_id, nombre) VALUES ('906', '9', 'DAULE');
INSERT INTO cat_parroquias (id, canton_id, nombre) VALUES ('90601', '906', 'DAULE');
INSERT INTO cat_parroquias (id, canton_id, nombre) VALUES ('90602', '906', 'LA AURORA (SATÉLITE)');
INSERT INTO cat_parroquias (id, canton_id, nombre) VALUES ('90603', '906', 'BANIFE');
INSERT INTO cat_parroquias (id, canton_id, nombre) VALUES ('90604', '906', 'EMILIANO CAICEDO MARCOS');
INSERT INTO cat_parroquias (id, canton_id, nombre) VALUES ('90605', '906', 'MAGRO');
INSERT INTO cat_parroquias (id, canton_id, nombre) VALUES ('90606', '906', 'PADRE JUAN BAUTISTA AGUIRRE');
INSERT INTO cat_parroquias (id, canton_id, nombre) VALUES ('90607', '906', 'SANTA CLARA');
INSERT INTO cat_parroquias (id, canton_id, nombre) VALUES ('90608', '906', 'VICENTE PIEDRAHITA');
INSERT INTO cat_parroquias (id, canton_id, nombre) VALUES ('90650', '906', 'DAULE');
INSERT INTO cat_parroquias (id, canton_id, nombre) VALUES ('90651', '906', 'ISIDRO AYORA (SOLEDAD)');
INSERT INTO cat_parroquias (id, canton_id, nombre) VALUES ('90652', '906', 'JUAN BAUTISTA AGUIRRE (LOS TINTOS)');
INSERT INTO cat_parroquias (id, canton_id, nombre) VALUES ('90653', '906', 'LAUREL');
INSERT INTO cat_parroquias (id, canton_id, nombre) VALUES ('90654', '906', 'LIMONAL');
INSERT INTO cat_parroquias (id, canton_id, nombre) VALUES ('90655', '906', 'LOMAS DE SARGENTILLO');
INSERT INTO cat_parroquias (id, canton_id, nombre) VALUES ('90656', '906', 'LOS LOJAS (ENRIQUE BAQUERIZO MORENO)');
INSERT INTO cat_parroquias (id, canton_id, nombre) VALUES ('90657', '906', 'PIEDRAHITA (NOBOL)');
INSERT INTO cat_cantones (id, provincia_id, nombre) VALUES ('907', '9', 'DURÁN');
INSERT INTO cat_parroquias (id, canton_id, nombre) VALUES ('90701', '907', 'ELOY ALFARO (DURÁN)');
INSERT INTO cat_parroquias (id, canton_id, nombre) VALUES ('90702', '907', 'EL RECREO');
INSERT INTO cat_parroquias (id, canton_id, nombre) VALUES ('90750', '907', 'ELOY ALFARO (DURÁN)');
INSERT INTO cat_cantones (id, provincia_id, nombre) VALUES ('908', '9', 'EL EMPALME');
INSERT INTO cat_parroquias (id, canton_id, nombre) VALUES ('90850', '908', 'VELASCO IBARRA (EL EMPALME)');
INSERT INTO cat_parroquias (id, canton_id, nombre) VALUES ('90851', '908', 'GUAYAS (PUEBLO NUEVO)');
INSERT INTO cat_parroquias (id, canton_id, nombre) VALUES ('90852', '908', 'EL ROSARIO');
INSERT INTO cat_cantones (id, provincia_id, nombre) VALUES ('909', '9', 'EL TRIUNFO');
INSERT INTO cat_parroquias (id, canton_id, nombre) VALUES ('90950', '909', 'EL TRIUNFO');
INSERT INTO cat_cantones (id, provincia_id, nombre) VALUES ('910', '9', 'MILAGRO');
INSERT INTO cat_parroquias (id, canton_id, nombre) VALUES ('91050', '910', 'MILAGRO');
INSERT INTO cat_parroquias (id, canton_id, nombre) VALUES ('91051', '910', 'CHOBO');
INSERT INTO cat_parroquias (id, canton_id, nombre) VALUES ('91052', '910', 'GENERAL ELIZALDE (BUCAY)');
INSERT INTO cat_parroquias (id, canton_id, nombre) VALUES ('91053', '910', 'MARISCAL SUCRE (HUAQUES)');
INSERT INTO cat_parroquias (id, canton_id, nombre) VALUES ('91054', '910', 'ROBERTO ASTUDILLO (CAB. EN CRUCE DE VENECIA)');
INSERT INTO cat_cantones (id, provincia_id, nombre) VALUES ('911', '9', 'NARANJAL');
INSERT INTO cat_parroquias (id, canton_id, nombre) VALUES ('91150', '911', 'NARANJAL');
INSERT INTO cat_parroquias (id, canton_id, nombre) VALUES ('91151', '911', 'JESÚS MARÍA');
INSERT INTO cat_parroquias (id, canton_id, nombre) VALUES ('91152', '911', 'SAN CARLOS');
INSERT INTO cat_parroquias (id, canton_id, nombre) VALUES ('91153', '911', 'SANTA ROSA DE FLANDES');
INSERT INTO cat_parroquias (id, canton_id, nombre) VALUES ('91154', '911', 'TAURA');
INSERT INTO cat_cantones (id, provincia_id, nombre) VALUES ('912', '9', 'NARANJITO');
INSERT INTO cat_parroquias (id, canton_id, nombre) VALUES ('91250', '912', 'NARANJITO');
INSERT INTO cat_cantones (id, provincia_id, nombre) VALUES ('913', '9', 'PALESTINA');
INSERT INTO cat_parroquias (id, canton_id, nombre) VALUES ('91350', '913', 'PALESTINA');
INSERT INTO cat_cantones (id, provincia_id, nombre) VALUES ('914', '9', 'PEDRO CARBO');
INSERT INTO cat_parroquias (id, canton_id, nombre) VALUES ('91450', '914', 'PEDRO CARBO');
INSERT INTO cat_parroquias (id, canton_id, nombre) VALUES ('91451', '914', 'VALLE DE LA VIRGEN');
INSERT INTO cat_parroquias (id, canton_id, nombre) VALUES ('91452', '914', 'SABANILLA');
INSERT INTO cat_cantones (id, provincia_id, nombre) VALUES ('916', '9', 'SAMBORONDÓN');
INSERT INTO cat_parroquias (id, canton_id, nombre) VALUES ('91601', '916', 'SAMBORONDÓN');
INSERT INTO cat_parroquias (id, canton_id, nombre) VALUES ('91602', '916', 'LA PUNTILLA (SATÉLITE)');
INSERT INTO cat_parroquias (id, canton_id, nombre) VALUES ('91650', '916', 'SAMBORONDÓN');
INSERT INTO cat_parroquias (id, canton_id, nombre) VALUES ('91651', '916', 'TARIFA');
INSERT INTO cat_cantones (id, provincia_id, nombre) VALUES ('918', '9', 'SANTA LUCÍA');
INSERT INTO cat_parroquias (id, canton_id, nombre) VALUES ('91850', '918', 'SANTA LUCÍA');
INSERT INTO cat_cantones (id, provincia_id, nombre) VALUES ('919', '9', 'SALITRE (URBINA JADO)');
INSERT INTO cat_parroquias (id, canton_id, nombre) VALUES ('91901', '919', 'BOCANA');
INSERT INTO cat_parroquias (id, canton_id, nombre) VALUES ('91902', '919', 'CANDILEJOS');
INSERT INTO cat_parroquias (id, canton_id, nombre) VALUES ('91903', '919', 'CENTRAL');
INSERT INTO cat_parroquias (id, canton_id, nombre) VALUES ('91904', '919', 'PARAÍSO');
INSERT INTO cat_parroquias (id, canton_id, nombre) VALUES ('91905', '919', 'SAN MATEO');
INSERT INTO cat_parroquias (id, canton_id, nombre) VALUES ('91950', '919', 'EL SALITRE (LAS RAMAS)');
INSERT INTO cat_parroquias (id, canton_id, nombre) VALUES ('91951', '919', 'GRAL. VERNAZA (DOS ESTEROS)');
INSERT INTO cat_parroquias (id, canton_id, nombre) VALUES ('91952', '919', 'LA VICTORIA (ÑAUZA)');
INSERT INTO cat_parroquias (id, canton_id, nombre) VALUES ('91953', '919', 'JUNQUILLAL');
INSERT INTO cat_cantones (id, provincia_id, nombre) VALUES ('920', '9', 'SAN JACINTO DE YAGUACHI');
INSERT INTO cat_parroquias (id, canton_id, nombre) VALUES ('92050', '920', 'SAN JACINTO DE YAGUACHI');
INSERT INTO cat_parroquias (id, canton_id, nombre) VALUES ('92051', '920', 'CRNEL. LORENZO DE GARAICOA (PEDREGAL)');
INSERT INTO cat_parroquias (id, canton_id, nombre) VALUES ('92052', '920', 'CRNEL. MARCELINO MARIDUEÑA (SAN CARLOS)');
INSERT INTO cat_parroquias (id, canton_id, nombre) VALUES ('92053', '920', 'GRAL. PEDRO J. MONTERO (BOLICHE)');
INSERT INTO cat_parroquias (id, canton_id, nombre) VALUES ('92054', '920', 'SIMÓN BOLÍVAR');
INSERT INTO cat_parroquias (id, canton_id, nombre) VALUES ('92055', '920', 'YAGUACHI VIEJO (CONE)');
INSERT INTO cat_parroquias (id, canton_id, nombre) VALUES ('92056', '920', 'VIRGEN DE FÁTIMA');
INSERT INTO cat_cantones (id, provincia_id, nombre) VALUES ('921', '9', 'PLAYAS');
INSERT INTO cat_parroquias (id, canton_id, nombre) VALUES ('92150', '921', 'GENERAL VILLAMIL (PLAYAS)');
INSERT INTO cat_cantones (id, provincia_id, nombre) VALUES ('922', '9', 'SIMÓN BOLÍVAR');
INSERT INTO cat_parroquias (id, canton_id, nombre) VALUES ('92250', '922', 'SIMÓN BOLÍVAR');
INSERT INTO cat_parroquias (id, canton_id, nombre) VALUES ('92251', '922', 'CRNEL.LORENZO DE GARAICOA (PEDREGAL)');
INSERT INTO cat_cantones (id, provincia_id, nombre) VALUES ('923', '9', 'CORONEL MARCELINO MARIDUEÑA');
INSERT INTO cat_parroquias (id, canton_id, nombre) VALUES ('92350', '923', 'CORONEL MARCELINO MARIDUEÑA (SAN CARLOS)');
INSERT INTO cat_cantones (id, provincia_id, nombre) VALUES ('924', '9', 'LOMAS DE SARGENTILLO');
INSERT INTO cat_parroquias (id, canton_id, nombre) VALUES ('92450', '924', 'LOMAS DE SARGENTILLO');
INSERT INTO cat_parroquias (id, canton_id, nombre) VALUES ('92451', '924', 'ISIDRO AYORA (SOLEDAD)');
INSERT INTO cat_cantones (id, provincia_id, nombre) VALUES ('925', '9', 'NOBOL');
INSERT INTO cat_parroquias (id, canton_id, nombre) VALUES ('92550', '925', 'NARCISA DE JESÚS');
INSERT INTO cat_cantones (id, provincia_id, nombre) VALUES ('927', '9', 'GENERAL ANTONIO ELIZALDE');
INSERT INTO cat_parroquias (id, canton_id, nombre) VALUES ('92750', '927', 'GENERAL ANTONIO ELIZALDE (BUCAY)');
INSERT INTO cat_cantones (id, provincia_id, nombre) VALUES ('928', '9', 'ISIDRO AYORA');
INSERT INTO cat_parroquias (id, canton_id, nombre) VALUES ('92850', '928', 'ISIDRO AYORA');
INSERT INTO cat_provincias (id, nombre) VALUES ('10', 'IMBABURA');
INSERT INTO cat_cantones (id, provincia_id, nombre) VALUES ('1001', '10', 'IBARRA');
INSERT INTO cat_parroquias (id, canton_id, nombre) VALUES ('100101', '1001', 'CARANQUI');
INSERT INTO cat_parroquias (id, canton_id, nombre) VALUES ('100102', '1001', 'GUAYAQUIL DE ALPACHACA');
INSERT INTO cat_parroquias (id, canton_id, nombre) VALUES ('100103', '1001', 'SAGRARIO');
INSERT INTO cat_parroquias (id, canton_id, nombre) VALUES ('100104', '1001', 'SAN FRANCISCO');
INSERT INTO cat_parroquias (id, canton_id, nombre) VALUES ('100105', '1001', 'LA DOLOROSA DEL PRIORATO');
INSERT INTO cat_parroquias (id, canton_id, nombre) VALUES ('100150', '1001', 'SAN MIGUEL DE IBARRA');
INSERT INTO cat_parroquias (id, canton_id, nombre) VALUES ('100151', '1001', 'AMBUQUÍ');
INSERT INTO cat_parroquias (id, canton_id, nombre) VALUES ('100152', '1001', 'ANGOCHAGUA');
INSERT INTO cat_parroquias (id, canton_id, nombre) VALUES ('100153', '1001', 'CAROLINA');
INSERT INTO cat_parroquias (id, canton_id, nombre) VALUES ('100154', '1001', 'LA ESPERANZA');
INSERT INTO cat_parroquias (id, canton_id, nombre) VALUES ('100155', '1001', 'LITA');
INSERT INTO cat_parroquias (id, canton_id, nombre) VALUES ('100156', '1001', 'SALINAS');
INSERT INTO cat_parroquias (id, canton_id, nombre) VALUES ('100157', '1001', 'SAN ANTONIO');
INSERT INTO cat_cantones (id, provincia_id, nombre) VALUES ('1002', '10', 'ANTONIO ANTE');
INSERT INTO cat_parroquias (id, canton_id, nombre) VALUES ('100201', '1002', 'ANDRADE MARÍN (LOURDES)');
INSERT INTO cat_parroquias (id, canton_id, nombre) VALUES ('100202', '1002', 'ATUNTAQUI');
INSERT INTO cat_parroquias (id, canton_id, nombre) VALUES ('100250', '1002', 'ATUNTAQUI');
INSERT INTO cat_parroquias (id, canton_id, nombre) VALUES ('100251', '1002', 'IMBAYA (SAN LUIS DE COBUENDO)');
INSERT INTO cat_parroquias (id, canton_id, nombre) VALUES ('100252', '1002', 'SAN FRANCISCO DE NATABUELA');
INSERT INTO cat_parroquias (id, canton_id, nombre) VALUES ('100253', '1002', 'SAN JOSÉ DE CHALTURA');
INSERT INTO cat_parroquias (id, canton_id, nombre) VALUES ('100254', '1002', 'SAN ROQUE');
INSERT INTO cat_cantones (id, provincia_id, nombre) VALUES ('1003', '10', 'COTACACHI');
INSERT INTO cat_parroquias (id, canton_id, nombre) VALUES ('100301', '1003', 'SAGRARIO');
INSERT INTO cat_parroquias (id, canton_id, nombre) VALUES ('100302', '1003', 'SAN FRANCISCO');
INSERT INTO cat_parroquias (id, canton_id, nombre) VALUES ('100350', '1003', 'COTACACHI');
INSERT INTO cat_parroquias (id, canton_id, nombre) VALUES ('100351', '1003', 'APUELA');
INSERT INTO cat_parroquias (id, canton_id, nombre) VALUES ('100352', '1003', 'GARCÍA MORENO (LLURIMAGUA)');
INSERT INTO cat_parroquias (id, canton_id, nombre) VALUES ('100353', '1003', 'IMANTAG');
INSERT INTO cat_parroquias (id, canton_id, nombre) VALUES ('100354', '1003', 'PEÑAHERRERA');
INSERT INTO cat_parroquias (id, canton_id, nombre) VALUES ('100355', '1003', 'PLAZA GUTIÉRREZ (CALVARIO)');
INSERT INTO cat_parroquias (id, canton_id, nombre) VALUES ('100356', '1003', 'QUIROGA');
INSERT INTO cat_parroquias (id, canton_id, nombre) VALUES ('100357', '1003', '6 DE JULIO DE CUELLAJE (CAB. EN CUELLAJE)');
INSERT INTO cat_parroquias (id, canton_id, nombre) VALUES ('100358', '1003', 'VACAS GALINDO (EL CHURO) (CAB.EN SAN MIGUEL ALTO');
INSERT INTO cat_cantones (id, provincia_id, nombre) VALUES ('1004', '10', 'OTAVALO');
INSERT INTO cat_parroquias (id, canton_id, nombre) VALUES ('100401', '1004', 'JORDÁN');
INSERT INTO cat_parroquias (id, canton_id, nombre) VALUES ('100402', '1004', 'SAN LUIS');
INSERT INTO cat_parroquias (id, canton_id, nombre) VALUES ('100450', '1004', 'OTAVALO');
INSERT INTO cat_parroquias (id, canton_id, nombre) VALUES ('100451', '1004', 'DR. MIGUEL EGAS CABEZAS (PEGUCHE)');
INSERT INTO cat_parroquias (id, canton_id, nombre) VALUES ('100452', '1004', 'EUGENIO ESPEJO (CALPAQUÍ)');
INSERT INTO cat_parroquias (id, canton_id, nombre) VALUES ('100453', '1004', 'GONZÁLEZ SUÁREZ');
INSERT INTO cat_parroquias (id, canton_id, nombre) VALUES ('100454', '1004', 'PATAQUÍ');
INSERT INTO cat_parroquias (id, canton_id, nombre) VALUES ('100455', '1004', 'SAN JOSÉ DE QUICHINCHE');
INSERT INTO cat_parroquias (id, canton_id, nombre) VALUES ('100456', '1004', 'SAN JUAN DE ILUMÁN');
INSERT INTO cat_parroquias (id, canton_id, nombre) VALUES ('100457', '1004', 'SAN PABLO');
INSERT INTO cat_parroquias (id, canton_id, nombre) VALUES ('100458', '1004', 'SAN RAFAEL');
INSERT INTO cat_parroquias (id, canton_id, nombre) VALUES ('100459', '1004', 'SELVA ALEGRE (CAB.EN SAN MIGUEL DE PAMPLONA)');
INSERT INTO cat_cantones (id, provincia_id, nombre) VALUES ('1005', '10', 'PIMAMPIRO');
INSERT INTO cat_parroquias (id, canton_id, nombre) VALUES ('100550', '1005', 'PIMAMPIRO');
INSERT INTO cat_parroquias (id, canton_id, nombre) VALUES ('100551', '1005', 'CHUGÁ');
INSERT INTO cat_parroquias (id, canton_id, nombre) VALUES ('100552', '1005', 'MARIANO ACOSTA');
INSERT INTO cat_parroquias (id, canton_id, nombre) VALUES ('100553', '1005', 'SAN FRANCISCO DE SIGSIPAMBA');
INSERT INTO cat_cantones (id, provincia_id, nombre) VALUES ('1006', '10', 'SAN MIGUEL DE URCUQUÍ');
INSERT INTO cat_parroquias (id, canton_id, nombre) VALUES ('100650', '1006', 'URCUQUÍ CABECERA CANTONAL');
INSERT INTO cat_parroquias (id, canton_id, nombre) VALUES ('100651', '1006', 'CAHUASQUÍ');
INSERT INTO cat_parroquias (id, canton_id, nombre) VALUES ('100652', '1006', 'LA MERCED DE BUENOS AIRES');
INSERT INTO cat_parroquias (id, canton_id, nombre) VALUES ('100653', '1006', 'PABLO ARENAS');
INSERT INTO cat_parroquias (id, canton_id, nombre) VALUES ('100654', '1006', 'SAN BLAS');
INSERT INTO cat_parroquias (id, canton_id, nombre) VALUES ('100655', '1006', 'TUMBABIRO');
INSERT INTO cat_provincias (id, nombre) VALUES ('11', 'LOJA');
INSERT INTO cat_cantones (id, provincia_id, nombre) VALUES ('1101', '11', 'LOJA');
INSERT INTO cat_parroquias (id, canton_id, nombre) VALUES ('110101', '1101', 'EL SAGRARIO');
INSERT INTO cat_parroquias (id, canton_id, nombre) VALUES ('110102', '1101', 'SAN SEBASTIÁN');
INSERT INTO cat_parroquias (id, canton_id, nombre) VALUES ('110103', '1101', 'SUCRE');
INSERT INTO cat_parroquias (id, canton_id, nombre) VALUES ('110104', '1101', 'VALLE');
INSERT INTO cat_parroquias (id, canton_id, nombre) VALUES ('110150', '1101', 'LOJA');
INSERT INTO cat_parroquias (id, canton_id, nombre) VALUES ('110151', '1101', 'CHANTACO');
INSERT INTO cat_parroquias (id, canton_id, nombre) VALUES ('110152', '1101', 'CHUQUIRIBAMBA');
INSERT INTO cat_parroquias (id, canton_id, nombre) VALUES ('110153', '1101', 'EL CISNE');
INSERT INTO cat_parroquias (id, canton_id, nombre) VALUES ('110154', '1101', 'GUALEL');
INSERT INTO cat_parroquias (id, canton_id, nombre) VALUES ('110155', '1101', 'JIMBILLA');
INSERT INTO cat_parroquias (id, canton_id, nombre) VALUES ('110156', '1101', 'MALACATOS (VALLADOLID)');
INSERT INTO cat_parroquias (id, canton_id, nombre) VALUES ('110157', '1101', 'SAN LUCAS');
INSERT INTO cat_parroquias (id, canton_id, nombre) VALUES ('110158', '1101', 'SAN PEDRO DE VILCABAMBA');
INSERT INTO cat_parroquias (id, canton_id, nombre) VALUES ('110159', '1101', 'SANTIAGO');
INSERT INTO cat_parroquias (id, canton_id, nombre) VALUES ('110160', '1101', 'TAQUIL (MIGUEL RIOFRÍO)');
INSERT INTO cat_parroquias (id, canton_id, nombre) VALUES ('110161', '1101', 'VILCABAMBA (VICTORIA)');
INSERT INTO cat_parroquias (id, canton_id, nombre) VALUES ('110162', '1101', 'YANGANA (ARSENIO CASTILLO)');
INSERT INTO cat_parroquias (id, canton_id, nombre) VALUES ('110163', '1101', 'QUINARA');
INSERT INTO cat_cantones (id, provincia_id, nombre) VALUES ('1102', '11', 'CALVAS');
INSERT INTO cat_parroquias (id, canton_id, nombre) VALUES ('110201', '1102', 'CARIAMANGA');
INSERT INTO cat_parroquias (id, canton_id, nombre) VALUES ('110202', '1102', 'CHILE');
INSERT INTO cat_parroquias (id, canton_id, nombre) VALUES ('110203', '1102', 'SAN VICENTE');
INSERT INTO cat_parroquias (id, canton_id, nombre) VALUES ('110250', '1102', 'CARIAMANGA');
INSERT INTO cat_parroquias (id, canton_id, nombre) VALUES ('110251', '1102', 'COLAISACA');
INSERT INTO cat_parroquias (id, canton_id, nombre) VALUES ('110252', '1102', 'EL LUCERO');
INSERT INTO cat_parroquias (id, canton_id, nombre) VALUES ('110253', '1102', 'UTUANA');
INSERT INTO cat_parroquias (id, canton_id, nombre) VALUES ('110254', '1102', 'SANGUILLÍN');
INSERT INTO cat_cantones (id, provincia_id, nombre) VALUES ('1103', '11', 'CATAMAYO');
INSERT INTO cat_parroquias (id, canton_id, nombre) VALUES ('110301', '1103', 'CATAMAYO');
INSERT INTO cat_parroquias (id, canton_id, nombre) VALUES ('110302', '1103', 'SAN JOSÉ');
INSERT INTO cat_parroquias (id, canton_id, nombre) VALUES ('110350', '1103', 'CATAMAYO (LA TOMA)');
INSERT INTO cat_parroquias (id, canton_id, nombre) VALUES ('110351', '1103', 'EL TAMBO');
INSERT INTO cat_parroquias (id, canton_id, nombre) VALUES ('110352', '1103', 'GUAYQUICHUMA');
INSERT INTO cat_parroquias (id, canton_id, nombre) VALUES ('110353', '1103', 'SAN PEDRO DE LA BENDITA');
INSERT INTO cat_parroquias (id, canton_id, nombre) VALUES ('110354', '1103', 'ZAMBI');
INSERT INTO cat_cantones (id, provincia_id, nombre) VALUES ('1104', '11', 'CELICA');
INSERT INTO cat_parroquias (id, canton_id, nombre) VALUES ('110450', '1104', 'CELICA');
INSERT INTO cat_parroquias (id, canton_id, nombre) VALUES ('110451', '1104', 'CRUZPAMBA (CAB. EN CARLOS BUSTAMANTE)');
INSERT INTO cat_parroquias (id, canton_id, nombre) VALUES ('110452', '1104', 'CHAQUINAL');
INSERT INTO cat_parroquias (id, canton_id, nombre) VALUES ('110453', '1104', '12 DE DICIEMBRE (CAB. EN ACHIOTES)');
INSERT INTO cat_parroquias (id, canton_id, nombre) VALUES ('110454', '1104', 'PINDAL (FEDERICO PÁEZ)');
INSERT INTO cat_parroquias (id, canton_id, nombre) VALUES ('110455', '1104', 'POZUL (SAN JUAN DE POZUL)');
INSERT INTO cat_parroquias (id, canton_id, nombre) VALUES ('110456', '1104', 'SABANILLA');
INSERT INTO cat_parroquias (id, canton_id, nombre) VALUES ('110457', '1104', 'TNTE. MAXIMILIANO RODRÍGUEZ LOAIZA');
INSERT INTO cat_cantones (id, provincia_id, nombre) VALUES ('1105', '11', 'CHAGUARPAMBA');
INSERT INTO cat_parroquias (id, canton_id, nombre) VALUES ('110550', '1105', 'CHAGUARPAMBA');
INSERT INTO cat_parroquias (id, canton_id, nombre) VALUES ('110551', '1105', 'BUENAVISTA');
INSERT INTO cat_parroquias (id, canton_id, nombre) VALUES ('110552', '1105', 'EL ROSARIO');
INSERT INTO cat_parroquias (id, canton_id, nombre) VALUES ('110553', '1105', 'SANTA RUFINA');
INSERT INTO cat_parroquias (id, canton_id, nombre) VALUES ('110554', '1105', 'AMARILLOS');
INSERT INTO cat_cantones (id, provincia_id, nombre) VALUES ('1106', '11', 'ESPÍNDOLA');
INSERT INTO cat_parroquias (id, canton_id, nombre) VALUES ('110650', '1106', 'AMALUZA');
INSERT INTO cat_parroquias (id, canton_id, nombre) VALUES ('110651', '1106', 'BELLAVISTA');
INSERT INTO cat_parroquias (id, canton_id, nombre) VALUES ('110652', '1106', 'JIMBURA');
INSERT INTO cat_parroquias (id, canton_id, nombre) VALUES ('110653', '1106', 'SANTA TERESITA');
INSERT INTO cat_parroquias (id, canton_id, nombre) VALUES ('110654', '1106', '27 DE ABRIL (CAB. EN LA NARANJA)');
INSERT INTO cat_parroquias (id, canton_id, nombre) VALUES ('110655', '1106', 'EL INGENIO');
INSERT INTO cat_parroquias (id, canton_id, nombre) VALUES ('110656', '1106', 'EL AIRO');
INSERT INTO cat_cantones (id, provincia_id, nombre) VALUES ('1107', '11', 'GONZANAMÁ');
INSERT INTO cat_parroquias (id, canton_id, nombre) VALUES ('110750', '1107', 'GONZANAMÁ');
INSERT INTO cat_parroquias (id, canton_id, nombre) VALUES ('110751', '1107', 'CHANGAIMINA (LA LIBERTAD)');
INSERT INTO cat_parroquias (id, canton_id, nombre) VALUES ('110752', '1107', 'FUNDOCHAMBA');
INSERT INTO cat_parroquias (id, canton_id, nombre) VALUES ('110753', '1107', 'NAMBACOLA');
INSERT INTO cat_parroquias (id, canton_id, nombre) VALUES ('110754', '1107', 'PURUNUMA (EGUIGUREN)');
INSERT INTO cat_parroquias (id, canton_id, nombre) VALUES ('110755', '1107', 'QUILANGA (LA PAZ)');
INSERT INTO cat_parroquias (id, canton_id, nombre) VALUES ('110756', '1107', 'SACAPALCA');
INSERT INTO cat_parroquias (id, canton_id, nombre) VALUES ('110757', '1107', 'SAN ANTONIO DE LAS ARADAS (CAB. EN LAS ARADAS)');
INSERT INTO cat_cantones (id, provincia_id, nombre) VALUES ('1108', '11', 'MACARÁ');
INSERT INTO cat_parroquias (id, canton_id, nombre) VALUES ('110801', '1108', 'GENERAL ELOY ALFARO (SAN SEBASTIÁN)');
INSERT INTO cat_parroquias (id, canton_id, nombre) VALUES ('110802', '1108', 'MACARÁ (MANUEL ENRIQUE RENGEL SUQUILANDA)');
INSERT INTO cat_parroquias (id, canton_id, nombre) VALUES ('110850', '1108', 'MACARÁ');
INSERT INTO cat_parroquias (id, canton_id, nombre) VALUES ('110851', '1108', 'LARAMA');
INSERT INTO cat_parroquias (id, canton_id, nombre) VALUES ('110852', '1108', 'LA VICTORIA');
INSERT INTO cat_parroquias (id, canton_id, nombre) VALUES ('110853', '1108', 'SABIANGO (LA CAPILLA)');
INSERT INTO cat_cantones (id, provincia_id, nombre) VALUES ('1109', '11', 'PALTAS');
INSERT INTO cat_parroquias (id, canton_id, nombre) VALUES ('110901', '1109', 'CATACOCHA');
INSERT INTO cat_parroquias (id, canton_id, nombre) VALUES ('110902', '1109', 'LOURDES');
INSERT INTO cat_parroquias (id, canton_id, nombre) VALUES ('110950', '1109', 'CATACOCHA');
INSERT INTO cat_parroquias (id, canton_id, nombre) VALUES ('110951', '1109', 'CANGONAMÁ');
INSERT INTO cat_parroquias (id, canton_id, nombre) VALUES ('110952', '1109', 'GUACHANAMÁ');
INSERT INTO cat_parroquias (id, canton_id, nombre) VALUES ('110953', '1109', 'LA TINGUE');
INSERT INTO cat_parroquias (id, canton_id, nombre) VALUES ('110954', '1109', 'LAURO GUERRERO');
INSERT INTO cat_parroquias (id, canton_id, nombre) VALUES ('110955', '1109', 'OLMEDO (SANTA BÁRBARA)');
INSERT INTO cat_parroquias (id, canton_id, nombre) VALUES ('110956', '1109', 'ORIANGA');
INSERT INTO cat_parroquias (id, canton_id, nombre) VALUES ('110957', '1109', 'SAN ANTONIO');
INSERT INTO cat_parroquias (id, canton_id, nombre) VALUES ('110958', '1109', 'CASANGA');
INSERT INTO cat_parroquias (id, canton_id, nombre) VALUES ('110959', '1109', 'YAMANA');
INSERT INTO cat_cantones (id, provincia_id, nombre) VALUES ('1110', '11', 'PUYANGO');
INSERT INTO cat_parroquias (id, canton_id, nombre) VALUES ('111050', '1110', 'ALAMOR');
INSERT INTO cat_parroquias (id, canton_id, nombre) VALUES ('111051', '1110', 'CIANO');
INSERT INTO cat_parroquias (id, canton_id, nombre) VALUES ('111052', '1110', 'EL ARENAL');
INSERT INTO cat_parroquias (id, canton_id, nombre) VALUES ('111053', '1110', 'EL LIMO (MARIANA DE JESÚS)');
INSERT INTO cat_parroquias (id, canton_id, nombre) VALUES ('111054', '1110', 'MERCADILLO');
INSERT INTO cat_parroquias (id, canton_id, nombre) VALUES ('111055', '1110', 'VICENTINO');
INSERT INTO cat_cantones (id, provincia_id, nombre) VALUES ('1111', '11', 'SARAGURO');
INSERT INTO cat_parroquias (id, canton_id, nombre) VALUES ('111150', '1111', 'SARAGURO');
INSERT INTO cat_parroquias (id, canton_id, nombre) VALUES ('111151', '1111', 'EL PARAÍSO DE CELÉN');
INSERT INTO cat_parroquias (id, canton_id, nombre) VALUES ('111152', '1111', 'EL TABLÓN');
INSERT INTO cat_parroquias (id, canton_id, nombre) VALUES ('111153', '1111', 'LLUZHAPA');
INSERT INTO cat_parroquias (id, canton_id, nombre) VALUES ('111154', '1111', 'MANÚ');
INSERT INTO cat_parroquias (id, canton_id, nombre) VALUES ('111155', '1111', 'SAN ANTONIO DE QUMBE (CUMBE)');
INSERT INTO cat_parroquias (id, canton_id, nombre) VALUES ('111156', '1111', 'SAN PABLO DE TENTA');
INSERT INTO cat_parroquias (id, canton_id, nombre) VALUES ('111157', '1111', 'SAN SEBASTIÁN DE YÚLUC');
INSERT INTO cat_parroquias (id, canton_id, nombre) VALUES ('111158', '1111', 'SELVA ALEGRE');
INSERT INTO cat_parroquias (id, canton_id, nombre) VALUES ('111159', '1111', 'URDANETA (PAQUISHAPA)');
INSERT INTO cat_parroquias (id, canton_id, nombre) VALUES ('111160', '1111', 'SUMAYPAMBA');
INSERT INTO cat_cantones (id, provincia_id, nombre) VALUES ('1112', '11', 'SOZORANGA');
INSERT INTO cat_parroquias (id, canton_id, nombre) VALUES ('111250', '1112', 'SOZORANGA');
INSERT INTO cat_parroquias (id, canton_id, nombre) VALUES ('111251', '1112', 'NUEVA FÁTIMA');
INSERT INTO cat_parroquias (id, canton_id, nombre) VALUES ('111252', '1112', 'TACAMOROS');
INSERT INTO cat_cantones (id, provincia_id, nombre) VALUES ('1113', '11', 'ZAPOTILLO');
INSERT INTO cat_parroquias (id, canton_id, nombre) VALUES ('111350', '1113', 'ZAPOTILLO');
INSERT INTO cat_parroquias (id, canton_id, nombre) VALUES ('111351', '1113', 'MANGAHURCO (CAZADEROS)');
INSERT INTO cat_parroquias (id, canton_id, nombre) VALUES ('111352', '1113', 'GARZAREAL');
INSERT INTO cat_parroquias (id, canton_id, nombre) VALUES ('111353', '1113', 'LIMONES');
INSERT INTO cat_parroquias (id, canton_id, nombre) VALUES ('111354', '1113', 'PALETILLAS');
INSERT INTO cat_parroquias (id, canton_id, nombre) VALUES ('111355', '1113', 'BOLASPAMBA');
INSERT INTO cat_cantones (id, provincia_id, nombre) VALUES ('1114', '11', 'PINDAL');
INSERT INTO cat_parroquias (id, canton_id, nombre) VALUES ('111450', '1114', 'PINDAL');
INSERT INTO cat_parroquias (id, canton_id, nombre) VALUES ('111451', '1114', 'CHAQUINAL');
INSERT INTO cat_parroquias (id, canton_id, nombre) VALUES ('111452', '1114', '12 DE DICIEMBRE (CAB.EN ACHIOTES)');
INSERT INTO cat_parroquias (id, canton_id, nombre) VALUES ('111453', '1114', 'MILAGROS');
INSERT INTO cat_cantones (id, provincia_id, nombre) VALUES ('1115', '11', 'QUILANGA');
INSERT INTO cat_parroquias (id, canton_id, nombre) VALUES ('111550', '1115', 'QUILANGA');
INSERT INTO cat_parroquias (id, canton_id, nombre) VALUES ('111551', '1115', 'FUNDOCHAMBA');
INSERT INTO cat_parroquias (id, canton_id, nombre) VALUES ('111552', '1115', 'SAN ANTONIO DE LAS ARADAS (CAB. EN LAS ARADAS)');
INSERT INTO cat_cantones (id, provincia_id, nombre) VALUES ('1116', '11', 'OLMEDO');
INSERT INTO cat_parroquias (id, canton_id, nombre) VALUES ('111650', '1116', 'OLMEDO');
INSERT INTO cat_parroquias (id, canton_id, nombre) VALUES ('111651', '1116', 'LA TINGUE');
INSERT INTO cat_provincias (id, nombre) VALUES ('12', 'LOS RIOS');
INSERT INTO cat_cantones (id, provincia_id, nombre) VALUES ('1201', '12', 'BABAHOYO');
INSERT INTO cat_parroquias (id, canton_id, nombre) VALUES ('120101', '1201', 'CLEMENTE BAQUERIZO');
INSERT INTO cat_parroquias (id, canton_id, nombre) VALUES ('120102', '1201', 'DR. CAMILO PONCE');
INSERT INTO cat_parroquias (id, canton_id, nombre) VALUES ('120103', '1201', 'BARREIRO');
INSERT INTO cat_parroquias (id, canton_id, nombre) VALUES ('120104', '1201', 'EL SALTO');
INSERT INTO cat_parroquias (id, canton_id, nombre) VALUES ('120150', '1201', 'BABAHOYO');
INSERT INTO cat_parroquias (id, canton_id, nombre) VALUES ('120151', '1201', 'BARREIRO (SANTA RITA)');
INSERT INTO cat_parroquias (id, canton_id, nombre) VALUES ('120152', '1201', 'CARACOL');
INSERT INTO cat_parroquias (id, canton_id, nombre) VALUES ('120153', '1201', 'FEBRES CORDERO (LAS JUNTAS)');
INSERT INTO cat_parroquias (id, canton_id, nombre) VALUES ('120154', '1201', 'PIMOCHA');
INSERT INTO cat_parroquias (id, canton_id, nombre) VALUES ('120155', '1201', 'LA UNIÓN');
INSERT INTO cat_cantones (id, provincia_id, nombre) VALUES ('1202', '12', 'BABA');
INSERT INTO cat_parroquias (id, canton_id, nombre) VALUES ('120250', '1202', 'BABA');
INSERT INTO cat_parroquias (id, canton_id, nombre) VALUES ('120251', '1202', 'GUARE');
INSERT INTO cat_parroquias (id, canton_id, nombre) VALUES ('120252', '1202', 'ISLA DE BEJUCAL');
INSERT INTO cat_cantones (id, provincia_id, nombre) VALUES ('1203', '12', 'MONTALVO');
INSERT INTO cat_parroquias (id, canton_id, nombre) VALUES ('120350', '1203', 'MONTALVO');
INSERT INTO cat_cantones (id, provincia_id, nombre) VALUES ('1204', '12', 'PUEBLOVIEJO');
INSERT INTO cat_parroquias (id, canton_id, nombre) VALUES ('120450', '1204', 'PUEBLOVIEJO');
INSERT INTO cat_parroquias (id, canton_id, nombre) VALUES ('120451', '1204', 'PUERTO PECHICHE');
INSERT INTO cat_parroquias (id, canton_id, nombre) VALUES ('120452', '1204', 'SAN JUAN');
INSERT INTO cat_cantones (id, provincia_id, nombre) VALUES ('1205', '12', 'QUEVEDO');
INSERT INTO cat_parroquias (id, canton_id, nombre) VALUES ('120501', '1205', 'QUEVEDO');
INSERT INTO cat_parroquias (id, canton_id, nombre) VALUES ('120502', '1205', 'SAN CAMILO');
INSERT INTO cat_parroquias (id, canton_id, nombre) VALUES ('120503', '1205', 'SAN JOSÉ');
INSERT INTO cat_parroquias (id, canton_id, nombre) VALUES ('120504', '1205', 'GUAYACÁN');
INSERT INTO cat_parroquias (id, canton_id, nombre) VALUES ('120505', '1205', 'NICOLÁS INFANTE DÍAZ');
INSERT INTO cat_parroquias (id, canton_id, nombre) VALUES ('120506', '1205', 'SAN CRISTÓBAL');
INSERT INTO cat_parroquias (id, canton_id, nombre) VALUES ('120507', '1205', 'SIETE DE OCTUBRE');
INSERT INTO cat_parroquias (id, canton_id, nombre) VALUES ('120508', '1205', '24 DE MAYO');
INSERT INTO cat_parroquias (id, canton_id, nombre) VALUES ('120509', '1205', 'VENUS DEL RÍO QUEVEDO');
INSERT INTO cat_parroquias (id, canton_id, nombre) VALUES ('120510', '1205', 'VIVA ALFARO');
INSERT INTO cat_parroquias (id, canton_id, nombre) VALUES ('120550', '1205', 'QUEVEDO');
INSERT INTO cat_parroquias (id, canton_id, nombre) VALUES ('120551', '1205', 'BUENA FÉ');
INSERT INTO cat_parroquias (id, canton_id, nombre) VALUES ('120552', '1205', 'MOCACHE');
INSERT INTO cat_parroquias (id, canton_id, nombre) VALUES ('120553', '1205', 'SAN CARLOS');
INSERT INTO cat_parroquias (id, canton_id, nombre) VALUES ('120554', '1205', 'VALENCIA');
INSERT INTO cat_parroquias (id, canton_id, nombre) VALUES ('120555', '1205', 'LA ESPERANZA');
INSERT INTO cat_cantones (id, provincia_id, nombre) VALUES ('1206', '12', 'URDANETA');
INSERT INTO cat_parroquias (id, canton_id, nombre) VALUES ('120650', '1206', 'CATARAMA');
INSERT INTO cat_parroquias (id, canton_id, nombre) VALUES ('120651', '1206', 'RICAURTE');
INSERT INTO cat_cantones (id, provincia_id, nombre) VALUES ('1207', '12', 'VENTANAS');
INSERT INTO cat_parroquias (id, canton_id, nombre) VALUES ('120701', '1207', '10 DE NOVIEMBRE');
INSERT INTO cat_parroquias (id, canton_id, nombre) VALUES ('120750', '1207', 'VENTANAS');
INSERT INTO cat_parroquias (id, canton_id, nombre) VALUES ('120751', '1207', 'QUINSALOMA');
INSERT INTO cat_parroquias (id, canton_id, nombre) VALUES ('120752', '1207', 'ZAPOTAL');
INSERT INTO cat_parroquias (id, canton_id, nombre) VALUES ('120753', '1207', 'CHACARITA');
INSERT INTO cat_parroquias (id, canton_id, nombre) VALUES ('120754', '1207', 'LOS ÁNGELES');
INSERT INTO cat_cantones (id, provincia_id, nombre) VALUES ('1208', '12', 'VÍNCES');
INSERT INTO cat_parroquias (id, canton_id, nombre) VALUES ('120850', '1208', 'VINCES');
INSERT INTO cat_parroquias (id, canton_id, nombre) VALUES ('120851', '1208', 'ANTONIO SOTOMAYOR (CAB. EN PLAYAS DE VINCES)');
INSERT INTO cat_parroquias (id, canton_id, nombre) VALUES ('120852', '1208', 'PALENQUE');
INSERT INTO cat_cantones (id, provincia_id, nombre) VALUES ('1209', '12', 'PALENQUE');
INSERT INTO cat_parroquias (id, canton_id, nombre) VALUES ('120950', '1209', 'PALENQUE');
INSERT INTO cat_cantones (id, provincia_id, nombre) VALUES ('1210', '12', 'BUENA FÉ');
INSERT INTO cat_parroquias (id, canton_id, nombre) VALUES ('121001', '1210', 'SAN JACINTO DE BUENA FÉ');
INSERT INTO cat_parroquias (id, canton_id, nombre) VALUES ('121002', '1210', '7 DE AGOSTO');
INSERT INTO cat_parroquias (id, canton_id, nombre) VALUES ('121003', '1210', '11 DE OCTUBRE');
INSERT INTO cat_parroquias (id, canton_id, nombre) VALUES ('121050', '1210', 'SAN JACINTO DE BUENA FÉ');
INSERT INTO cat_parroquias (id, canton_id, nombre) VALUES ('121051', '1210', 'PATRICIA PILAR');
INSERT INTO cat_cantones (id, provincia_id, nombre) VALUES ('1211', '12', 'VALENCIA');
INSERT INTO cat_parroquias (id, canton_id, nombre) VALUES ('121150', '1211', 'VALENCIA');
INSERT INTO cat_cantones (id, provincia_id, nombre) VALUES ('1212', '12', 'MOCACHE');
INSERT INTO cat_parroquias (id, canton_id, nombre) VALUES ('121250', '1212', 'MOCACHE');
INSERT INTO cat_cantones (id, provincia_id, nombre) VALUES ('1213', '12', 'QUINSALOMA');
INSERT INTO cat_parroquias (id, canton_id, nombre) VALUES ('121350', '1213', 'QUINSALOMA');
INSERT INTO cat_provincias (id, nombre) VALUES ('13', 'MANABI');
INSERT INTO cat_cantones (id, provincia_id, nombre) VALUES ('1301', '13', 'PORTOVIEJO');
INSERT INTO cat_parroquias (id, canton_id, nombre) VALUES ('130101', '1301', 'PORTOVIEJO');
INSERT INTO cat_parroquias (id, canton_id, nombre) VALUES ('130102', '1301', '12 DE MARZO');
INSERT INTO cat_parroquias (id, canton_id, nombre) VALUES ('130103', '1301', 'COLÓN');
INSERT INTO cat_parroquias (id, canton_id, nombre) VALUES ('130104', '1301', 'PICOAZÁ');
INSERT INTO cat_parroquias (id, canton_id, nombre) VALUES ('130105', '1301', 'SAN PABLO');
INSERT INTO cat_parroquias (id, canton_id, nombre) VALUES ('130106', '1301', 'ANDRÉS DE VERA');
INSERT INTO cat_parroquias (id, canton_id, nombre) VALUES ('130107', '1301', 'FRANCISCO PACHECO');
INSERT INTO cat_parroquias (id, canton_id, nombre) VALUES ('130108', '1301', '18 DE OCTUBRE');
INSERT INTO cat_parroquias (id, canton_id, nombre) VALUES ('130109', '1301', 'SIMÓN BOLÍVAR');
INSERT INTO cat_parroquias (id, canton_id, nombre) VALUES ('130150', '1301', 'PORTOVIEJO');
INSERT INTO cat_parroquias (id, canton_id, nombre) VALUES ('130151', '1301', 'ABDÓN CALDERÓN (SAN FRANCISCO)');
INSERT INTO cat_parroquias (id, canton_id, nombre) VALUES ('130152', '1301', 'ALHAJUELA (BAJO GRANDE)');
INSERT INTO cat_parroquias (id, canton_id, nombre) VALUES ('130153', '1301', 'CRUCITA');
INSERT INTO cat_parroquias (id, canton_id, nombre) VALUES ('130154', '1301', 'PUEBLO NUEVO');
INSERT INTO cat_parroquias (id, canton_id, nombre) VALUES ('130155', '1301', 'RIOCHICO (RÍO CHICO)');
INSERT INTO cat_parroquias (id, canton_id, nombre) VALUES ('130156', '1301', 'SAN PLÁCIDO');
INSERT INTO cat_parroquias (id, canton_id, nombre) VALUES ('130157', '1301', 'CHIRIJOS');
INSERT INTO cat_cantones (id, provincia_id, nombre) VALUES ('1302', '13', 'BOLÍVAR');
INSERT INTO cat_parroquias (id, canton_id, nombre) VALUES ('130250', '1302', 'CALCETA');
INSERT INTO cat_parroquias (id, canton_id, nombre) VALUES ('130251', '1302', 'MEMBRILLO');
INSERT INTO cat_parroquias (id, canton_id, nombre) VALUES ('130252', '1302', 'QUIROGA');
INSERT INTO cat_cantones (id, provincia_id, nombre) VALUES ('1303', '13', 'CHONE');
INSERT INTO cat_parroquias (id, canton_id, nombre) VALUES ('130301', '1303', 'CHONE');
INSERT INTO cat_parroquias (id, canton_id, nombre) VALUES ('130302', '1303', 'SANTA RITA');
INSERT INTO cat_parroquias (id, canton_id, nombre) VALUES ('130350', '1303', 'CHONE');
INSERT INTO cat_parroquias (id, canton_id, nombre) VALUES ('130351', '1303', 'BOYACÁ');
INSERT INTO cat_parroquias (id, canton_id, nombre) VALUES ('130352', '1303', 'CANUTO');
INSERT INTO cat_parroquias (id, canton_id, nombre) VALUES ('130353', '1303', 'CONVENTO');
INSERT INTO cat_parroquias (id, canton_id, nombre) VALUES ('130354', '1303', 'CHIBUNGA');
INSERT INTO cat_parroquias (id, canton_id, nombre) VALUES ('130355', '1303', 'ELOY ALFARO');
INSERT INTO cat_parroquias (id, canton_id, nombre) VALUES ('130356', '1303', 'RICAURTE');
INSERT INTO cat_parroquias (id, canton_id, nombre) VALUES ('130357', '1303', 'SAN ANTONIO');
INSERT INTO cat_cantones (id, provincia_id, nombre) VALUES ('1304', '13', 'EL CARMEN');
INSERT INTO cat_parroquias (id, canton_id, nombre) VALUES ('130401', '1304', 'EL CARMEN');
INSERT INTO cat_parroquias (id, canton_id, nombre) VALUES ('130402', '1304', '4 DE DICIEMBRE');
INSERT INTO cat_parroquias (id, canton_id, nombre) VALUES ('130450', '1304', 'EL CARMEN');
INSERT INTO cat_parroquias (id, canton_id, nombre) VALUES ('130451', '1304', 'WILFRIDO LOOR MOREIRA (MAICITO)');
INSERT INTO cat_parroquias (id, canton_id, nombre) VALUES ('130452', '1304', 'SAN PEDRO DE SUMA');
INSERT INTO cat_cantones (id, provincia_id, nombre) VALUES ('1305', '13', 'FLAVIO ALFARO');
INSERT INTO cat_parroquias (id, canton_id, nombre) VALUES ('130550', '1305', 'FLAVIO ALFARO');
INSERT INTO cat_parroquias (id, canton_id, nombre) VALUES ('130551', '1305', 'SAN FRANCISCO DE NOVILLO (CAB. EN');
INSERT INTO cat_parroquias (id, canton_id, nombre) VALUES ('130552', '1305', 'ZAPALLO');
INSERT INTO cat_cantones (id, provincia_id, nombre) VALUES ('1306', '13', 'JIPIJAPA');
INSERT INTO cat_parroquias (id, canton_id, nombre) VALUES ('130601', '1306', 'DR. MIGUEL MORÁN LUCIO');
INSERT INTO cat_parroquias (id, canton_id, nombre) VALUES ('130602', '1306', 'MANUEL INOCENCIO PARRALES Y GUALE');
INSERT INTO cat_parroquias (id, canton_id, nombre) VALUES ('130603', '1306', 'SAN LORENZO DE JIPIJAPA');
INSERT INTO cat_parroquias (id, canton_id, nombre) VALUES ('130650', '1306', 'JIPIJAPA');
INSERT INTO cat_parroquias (id, canton_id, nombre) VALUES ('130651', '1306', 'AMÉRICA');
INSERT INTO cat_parroquias (id, canton_id, nombre) VALUES ('130652', '1306', 'EL ANEGADO (CAB. EN ELOY ALFARO)');
INSERT INTO cat_parroquias (id, canton_id, nombre) VALUES ('130653', '1306', 'JULCUY');
INSERT INTO cat_parroquias (id, canton_id, nombre) VALUES ('130654', '1306', 'LA UNIÓN');
INSERT INTO cat_parroquias (id, canton_id, nombre) VALUES ('130655', '1306', 'MACHALILLA');
INSERT INTO cat_parroquias (id, canton_id, nombre) VALUES ('130656', '1306', 'MEMBRILLAL');
INSERT INTO cat_parroquias (id, canton_id, nombre) VALUES ('130657', '1306', 'PEDRO PABLO GÓMEZ');
INSERT INTO cat_parroquias (id, canton_id, nombre) VALUES ('130658', '1306', 'PUERTO DE CAYO');
INSERT INTO cat_parroquias (id, canton_id, nombre) VALUES ('130659', '1306', 'PUERTO LÓPEZ');
INSERT INTO cat_cantones (id, provincia_id, nombre) VALUES ('1307', '13', 'JUNÍN');
INSERT INTO cat_parroquias (id, canton_id, nombre) VALUES ('130750', '1307', 'JUNÍN');
INSERT INTO cat_cantones (id, provincia_id, nombre) VALUES ('1308', '13', 'MANTA');
INSERT INTO cat_parroquias (id, canton_id, nombre) VALUES ('130801', '1308', 'LOS ESTEROS');
INSERT INTO cat_parroquias (id, canton_id, nombre) VALUES ('130802', '1308', 'MANTA');
INSERT INTO cat_parroquias (id, canton_id, nombre) VALUES ('130803', '1308', 'SAN MATEO');
INSERT INTO cat_parroquias (id, canton_id, nombre) VALUES ('130804', '1308', 'TARQUI');
INSERT INTO cat_parroquias (id, canton_id, nombre) VALUES ('130805', '1308', 'ELOY ALFARO');
INSERT INTO cat_parroquias (id, canton_id, nombre) VALUES ('130850', '1308', 'MANTA');
INSERT INTO cat_parroquias (id, canton_id, nombre) VALUES ('130851', '1308', 'SAN LORENZO');
INSERT INTO cat_parroquias (id, canton_id, nombre) VALUES ('130852', '1308', 'SANTA MARIANITA (BOCA DE PACOCHE)');
INSERT INTO cat_cantones (id, provincia_id, nombre) VALUES ('1309', '13', 'MONTECRISTI');
INSERT INTO cat_parroquias (id, canton_id, nombre) VALUES ('130901', '1309', 'ANIBAL SAN ANDRÉS');
INSERT INTO cat_parroquias (id, canton_id, nombre) VALUES ('130902', '1309', 'MONTECRISTI');
INSERT INTO cat_parroquias (id, canton_id, nombre) VALUES ('130903', '1309', 'EL COLORADO');
INSERT INTO cat_parroquias (id, canton_id, nombre) VALUES ('130904', '1309', 'GENERAL ELOY ALFARO');
INSERT INTO cat_parroquias (id, canton_id, nombre) VALUES ('130905', '1309', 'LEONIDAS PROAÑO');
INSERT INTO cat_parroquias (id, canton_id, nombre) VALUES ('130950', '1309', 'MONTECRISTI');
INSERT INTO cat_parroquias (id, canton_id, nombre) VALUES ('130951', '1309', 'JARAMIJÓ');
INSERT INTO cat_parroquias (id, canton_id, nombre) VALUES ('130952', '1309', 'LA PILA');
INSERT INTO cat_cantones (id, provincia_id, nombre) VALUES ('1310', '13', 'PAJÁN');
INSERT INTO cat_parroquias (id, canton_id, nombre) VALUES ('131050', '1310', 'PAJÁN');
INSERT INTO cat_parroquias (id, canton_id, nombre) VALUES ('131051', '1310', 'CAMPOZANO (LA PALMA DE PAJÁN)');
INSERT INTO cat_parroquias (id, canton_id, nombre) VALUES ('131052', '1310', 'CASCOL');
INSERT INTO cat_parroquias (id, canton_id, nombre) VALUES ('131053', '1310', 'GUALE');
INSERT INTO cat_parroquias (id, canton_id, nombre) VALUES ('131054', '1310', 'LASCANO');
INSERT INTO cat_cantones (id, provincia_id, nombre) VALUES ('1311', '13', 'PICHINCHA');
INSERT INTO cat_parroquias (id, canton_id, nombre) VALUES ('131150', '1311', 'PICHINCHA');
INSERT INTO cat_parroquias (id, canton_id, nombre) VALUES ('131151', '1311', 'BARRAGANETE');
INSERT INTO cat_parroquias (id, canton_id, nombre) VALUES ('131152', '1311', 'SAN SEBASTIÁN');
INSERT INTO cat_cantones (id, provincia_id, nombre) VALUES ('1312', '13', 'ROCAFUERTE');
INSERT INTO cat_parroquias (id, canton_id, nombre) VALUES ('131250', '1312', 'ROCAFUERTE');
INSERT INTO cat_cantones (id, provincia_id, nombre) VALUES ('1313', '13', 'SANTA ANA');
INSERT INTO cat_parroquias (id, canton_id, nombre) VALUES ('131301', '1313', 'SANTA ANA');
INSERT INTO cat_parroquias (id, canton_id, nombre) VALUES ('131302', '1313', 'LODANA');
INSERT INTO cat_parroquias (id, canton_id, nombre) VALUES ('131350', '1313', 'SANTA ANA DE VUELTA LARGA');
INSERT INTO cat_parroquias (id, canton_id, nombre) VALUES ('131351', '1313', 'AYACUCHO');
INSERT INTO cat_parroquias (id, canton_id, nombre) VALUES ('131352', '1313', 'HONORATO VÁSQUEZ (CAB. EN VÁSQUEZ)');
INSERT INTO cat_parroquias (id, canton_id, nombre) VALUES ('131353', '1313', 'LA UNIÓN');
INSERT INTO cat_parroquias (id, canton_id, nombre) VALUES ('131354', '1313', 'OLMEDO');
INSERT INTO cat_parroquias (id, canton_id, nombre) VALUES ('131355', '1313', 'SAN PABLO (CAB. EN PUEBLO NUEVO)');
INSERT INTO cat_cantones (id, provincia_id, nombre) VALUES ('1314', '13', 'SUCRE');
INSERT INTO cat_parroquias (id, canton_id, nombre) VALUES ('131401', '1314', 'BAHÍA DE CARÁQUEZ');
INSERT INTO cat_parroquias (id, canton_id, nombre) VALUES ('131402', '1314', 'LEONIDAS PLAZA GUTIÉRREZ');
INSERT INTO cat_parroquias (id, canton_id, nombre) VALUES ('131450', '1314', 'BAHÍA DE CARÁQUEZ');
INSERT INTO cat_parroquias (id, canton_id, nombre) VALUES ('131451', '1314', 'CANOA');
INSERT INTO cat_parroquias (id, canton_id, nombre) VALUES ('131452', '1314', 'COJIMÍES');
INSERT INTO cat_parroquias (id, canton_id, nombre) VALUES ('131453', '1314', 'CHARAPOTÓ');
INSERT INTO cat_parroquias (id, canton_id, nombre) VALUES ('131454', '1314', '10 DE AGOSTO');
INSERT INTO cat_parroquias (id, canton_id, nombre) VALUES ('131455', '1314', 'JAMA');
INSERT INTO cat_parroquias (id, canton_id, nombre) VALUES ('131456', '1314', 'PEDERNALES');
INSERT INTO cat_parroquias (id, canton_id, nombre) VALUES ('131457', '1314', 'SAN ISIDRO');
INSERT INTO cat_parroquias (id, canton_id, nombre) VALUES ('131458', '1314', 'SAN VICENTE');
INSERT INTO cat_cantones (id, provincia_id, nombre) VALUES ('1315', '13', 'TOSAGUA');
INSERT INTO cat_parroquias (id, canton_id, nombre) VALUES ('131550', '1315', 'TOSAGUA');
INSERT INTO cat_parroquias (id, canton_id, nombre) VALUES ('131551', '1315', 'BACHILLERO');
INSERT INTO cat_parroquias (id, canton_id, nombre) VALUES ('131552', '1315', 'ANGEL PEDRO GILER (LA ESTANCILLA)');
INSERT INTO cat_cantones (id, provincia_id, nombre) VALUES ('1316', '13', '24 DE MAYO');
INSERT INTO cat_parroquias (id, canton_id, nombre) VALUES ('131650', '1316', 'SUCRE');
INSERT INTO cat_parroquias (id, canton_id, nombre) VALUES ('131651', '1316', 'BELLAVISTA');
INSERT INTO cat_parroquias (id, canton_id, nombre) VALUES ('131652', '1316', 'NOBOA');
INSERT INTO cat_parroquias (id, canton_id, nombre) VALUES ('131653', '1316', 'ARQ. SIXTO DURÁN BALLÉN');
INSERT INTO cat_cantones (id, provincia_id, nombre) VALUES ('1317', '13', 'PEDERNALES');
INSERT INTO cat_parroquias (id, canton_id, nombre) VALUES ('131750', '1317', 'PEDERNALES');
INSERT INTO cat_parroquias (id, canton_id, nombre) VALUES ('131751', '1317', 'COJIMÍES');
INSERT INTO cat_parroquias (id, canton_id, nombre) VALUES ('131752', '1317', '10 DE AGOSTO');
INSERT INTO cat_parroquias (id, canton_id, nombre) VALUES ('131753', '1317', 'ATAHUALPA');
INSERT INTO cat_cantones (id, provincia_id, nombre) VALUES ('1318', '13', 'OLMEDO');
INSERT INTO cat_parroquias (id, canton_id, nombre) VALUES ('131850', '1318', 'OLMEDO');
INSERT INTO cat_cantones (id, provincia_id, nombre) VALUES ('1319', '13', 'PUERTO LÓPEZ');
INSERT INTO cat_parroquias (id, canton_id, nombre) VALUES ('131950', '1319', 'PUERTO LÓPEZ');
INSERT INTO cat_parroquias (id, canton_id, nombre) VALUES ('131951', '1319', 'MACHALILLA');
INSERT INTO cat_parroquias (id, canton_id, nombre) VALUES ('131952', '1319', 'SALANGO');
INSERT INTO cat_cantones (id, provincia_id, nombre) VALUES ('1320', '13', 'JAMA');
INSERT INTO cat_parroquias (id, canton_id, nombre) VALUES ('132050', '1320', 'JAMA');
INSERT INTO cat_cantones (id, provincia_id, nombre) VALUES ('1321', '13', 'JARAMIJÓ');
INSERT INTO cat_parroquias (id, canton_id, nombre) VALUES ('132150', '1321', 'JARAMIJÓ');
INSERT INTO cat_cantones (id, provincia_id, nombre) VALUES ('1322', '13', 'SAN VICENTE');
INSERT INTO cat_parroquias (id, canton_id, nombre) VALUES ('132250', '1322', 'SAN VICENTE');
INSERT INTO cat_parroquias (id, canton_id, nombre) VALUES ('132251', '1322', 'CANOA');
INSERT INTO cat_provincias (id, nombre) VALUES ('14', 'MORONA SANTIAGO');
INSERT INTO cat_cantones (id, provincia_id, nombre) VALUES ('1401', '14', 'MORONA');
INSERT INTO cat_parroquias (id, canton_id, nombre) VALUES ('140150', '1401', 'MACAS');
INSERT INTO cat_parroquias (id, canton_id, nombre) VALUES ('140151', '1401', 'ALSHI (CAB. EN 9 DE OCTUBRE)');
INSERT INTO cat_parroquias (id, canton_id, nombre) VALUES ('140152', '1401', 'CHIGUAZA');
INSERT INTO cat_parroquias (id, canton_id, nombre) VALUES ('140153', '1401', 'GENERAL PROAÑO');
INSERT INTO cat_parroquias (id, canton_id, nombre) VALUES ('140154', '1401', 'HUASAGA (CAB.EN WAMPUIK)');
INSERT INTO cat_parroquias (id, canton_id, nombre) VALUES ('140155', '1401', 'MACUMA');
INSERT INTO cat_parroquias (id, canton_id, nombre) VALUES ('140156', '1401', 'SAN ISIDRO');
INSERT INTO cat_parroquias (id, canton_id, nombre) VALUES ('140157', '1401', 'SEVILLA DON BOSCO');
INSERT INTO cat_parroquias (id, canton_id, nombre) VALUES ('140158', '1401', 'SINAÍ');
INSERT INTO cat_parroquias (id, canton_id, nombre) VALUES ('140159', '1401', 'TAISHA');
INSERT INTO cat_parroquias (id, canton_id, nombre) VALUES ('140160', '1401', 'ZUÑA (ZÚÑAC)');
INSERT INTO cat_parroquias (id, canton_id, nombre) VALUES ('140161', '1401', 'TUUTINENTZA');
INSERT INTO cat_parroquias (id, canton_id, nombre) VALUES ('140162', '1401', 'CUCHAENTZA');
INSERT INTO cat_parroquias (id, canton_id, nombre) VALUES ('140163', '1401', 'SAN JOSÉ DE MORONA');
INSERT INTO cat_parroquias (id, canton_id, nombre) VALUES ('140164', '1401', 'RÍO BLANCO');
INSERT INTO cat_cantones (id, provincia_id, nombre) VALUES ('1402', '14', 'GUALAQUIZA');
INSERT INTO cat_parroquias (id, canton_id, nombre) VALUES ('140201', '1402', 'GUALAQUIZA');
INSERT INTO cat_parroquias (id, canton_id, nombre) VALUES ('140202', '1402', 'MERCEDES MOLINA');
INSERT INTO cat_parroquias (id, canton_id, nombre) VALUES ('140250', '1402', 'GUALAQUIZA');
INSERT INTO cat_parroquias (id, canton_id, nombre) VALUES ('140251', '1402', 'AMAZONAS (ROSARIO DE CUYES)');
INSERT INTO cat_parroquias (id, canton_id, nombre) VALUES ('140252', '1402', 'BERMEJOS');
INSERT INTO cat_parroquias (id, canton_id, nombre) VALUES ('140253', '1402', 'BOMBOIZA');
INSERT INTO cat_parroquias (id, canton_id, nombre) VALUES ('140254', '1402', 'CHIGÜINDA');
INSERT INTO cat_parroquias (id, canton_id, nombre) VALUES ('140255', '1402', 'EL ROSARIO');
INSERT INTO cat_parroquias (id, canton_id, nombre) VALUES ('140256', '1402', 'NUEVA TARQUI');
INSERT INTO cat_parroquias (id, canton_id, nombre) VALUES ('140257', '1402', 'SAN MIGUEL DE CUYES');
INSERT INTO cat_parroquias (id, canton_id, nombre) VALUES ('140258', '1402', 'EL IDEAL');
INSERT INTO cat_cantones (id, provincia_id, nombre) VALUES ('1403', '14', 'LIMÓN INDANZA');
INSERT INTO cat_parroquias (id, canton_id, nombre) VALUES ('140350', '1403', 'GENERAL LEONIDAS PLAZA GUTIÉRREZ (LIMÓN)');
INSERT INTO cat_parroquias (id, canton_id, nombre) VALUES ('140351', '1403', 'INDANZA');
INSERT INTO cat_parroquias (id, canton_id, nombre) VALUES ('140352', '1403', 'PAN DE AZÚCAR');
INSERT INTO cat_parroquias (id, canton_id, nombre) VALUES ('140353', '1403', 'SAN ANTONIO (CAB. EN SAN ANTONIO CENTRO');
INSERT INTO cat_parroquias (id, canton_id, nombre) VALUES ('140354', '1403', 'SAN CARLOS DE LIMÓN (SAN CARLOS DEL');
INSERT INTO cat_parroquias (id, canton_id, nombre) VALUES ('140355', '1403', 'SAN JUAN BOSCO');
INSERT INTO cat_parroquias (id, canton_id, nombre) VALUES ('140356', '1403', 'SAN MIGUEL DE CONCHAY');
INSERT INTO cat_parroquias (id, canton_id, nombre) VALUES ('140357', '1403', 'SANTA SUSANA DE CHIVIAZA (CAB. EN CHIVIAZA)');
INSERT INTO cat_parroquias (id, canton_id, nombre) VALUES ('140358', '1403', 'YUNGANZA (CAB. EN EL ROSARIO)');
INSERT INTO cat_cantones (id, provincia_id, nombre) VALUES ('1404', '14', 'PALORA');
INSERT INTO cat_parroquias (id, canton_id, nombre) VALUES ('140450', '1404', 'PALORA (METZERA)');
INSERT INTO cat_parroquias (id, canton_id, nombre) VALUES ('140451', '1404', 'ARAPICOS');
INSERT INTO cat_parroquias (id, canton_id, nombre) VALUES ('140452', '1404', 'CUMANDÁ (CAB. EN COLONIA AGRÍCOLA SEVILLA DEL ORO)');
INSERT INTO cat_parroquias (id, canton_id, nombre) VALUES ('140453', '1404', 'HUAMBOYA');
INSERT INTO cat_parroquias (id, canton_id, nombre) VALUES ('140454', '1404', 'SANGAY (CAB. EN NAYAMANACA)');
INSERT INTO cat_cantones (id, provincia_id, nombre) VALUES ('1405', '14', 'SANTIAGO');
INSERT INTO cat_parroquias (id, canton_id, nombre) VALUES ('140550', '1405', 'SANTIAGO DE MÉNDEZ');
INSERT INTO cat_parroquias (id, canton_id, nombre) VALUES ('140551', '1405', 'COPAL');
INSERT INTO cat_parroquias (id, canton_id, nombre) VALUES ('140552', '1405', 'CHUPIANZA');
INSERT INTO cat_parroquias (id, canton_id, nombre) VALUES ('140553', '1405', 'PATUCA');
INSERT INTO cat_parroquias (id, canton_id, nombre) VALUES ('140554', '1405', 'SAN LUIS DE EL ACHO (CAB. EN EL ACHO)');
INSERT INTO cat_parroquias (id, canton_id, nombre) VALUES ('140555', '1405', 'SANTIAGO');
INSERT INTO cat_parroquias (id, canton_id, nombre) VALUES ('140556', '1405', 'TAYUZA');
INSERT INTO cat_parroquias (id, canton_id, nombre) VALUES ('140557', '1405', 'SAN FRANCISCO DE CHINIMBIMI');
INSERT INTO cat_cantones (id, provincia_id, nombre) VALUES ('1406', '14', 'SUCÚA');
INSERT INTO cat_parroquias (id, canton_id, nombre) VALUES ('140650', '1406', 'SUCÚA');
INSERT INTO cat_parroquias (id, canton_id, nombre) VALUES ('140651', '1406', 'ASUNCIÓN');
INSERT INTO cat_parroquias (id, canton_id, nombre) VALUES ('140652', '1406', 'HUAMBI');
INSERT INTO cat_parroquias (id, canton_id, nombre) VALUES ('140653', '1406', 'LOGROÑO');
INSERT INTO cat_parroquias (id, canton_id, nombre) VALUES ('140654', '1406', 'YAUPI');
INSERT INTO cat_parroquias (id, canton_id, nombre) VALUES ('140655', '1406', 'SANTA MARIANITA DE JESÚS');
INSERT INTO cat_cantones (id, provincia_id, nombre) VALUES ('1407', '14', 'HUAMBOYA');
INSERT INTO cat_parroquias (id, canton_id, nombre) VALUES ('140750', '1407', 'HUAMBOYA');
INSERT INTO cat_parroquias (id, canton_id, nombre) VALUES ('140751', '1407', 'CHIGUAZA');
INSERT INTO cat_parroquias (id, canton_id, nombre) VALUES ('140752', '1407', 'PABLO SEXTO');
INSERT INTO cat_cantones (id, provincia_id, nombre) VALUES ('1408', '14', 'SAN JUAN BOSCO');
INSERT INTO cat_parroquias (id, canton_id, nombre) VALUES ('140850', '1408', 'SAN JUAN BOSCO');
INSERT INTO cat_parroquias (id, canton_id, nombre) VALUES ('140851', '1408', 'PAN DE AZÚCAR');
INSERT INTO cat_parroquias (id, canton_id, nombre) VALUES ('140852', '1408', 'SAN CARLOS DE LIMÓN');
INSERT INTO cat_parroquias (id, canton_id, nombre) VALUES ('140853', '1408', 'SAN JACINTO DE WAKAMBEIS');
INSERT INTO cat_parroquias (id, canton_id, nombre) VALUES ('140854', '1408', 'SANTIAGO DE PANANZA');
INSERT INTO cat_cantones (id, provincia_id, nombre) VALUES ('1409', '14', 'TAISHA');
INSERT INTO cat_parroquias (id, canton_id, nombre) VALUES ('140950', '1409', 'TAISHA');
INSERT INTO cat_parroquias (id, canton_id, nombre) VALUES ('140951', '1409', 'HUASAGA (CAB. EN WAMPUIK)');
INSERT INTO cat_parroquias (id, canton_id, nombre) VALUES ('140952', '1409', 'MACUMA');
INSERT INTO cat_parroquias (id, canton_id, nombre) VALUES ('140953', '1409', 'TUUTINENTZA');
INSERT INTO cat_parroquias (id, canton_id, nombre) VALUES ('140954', '1409', 'PUMPUENTSA');
INSERT INTO cat_cantones (id, provincia_id, nombre) VALUES ('1410', '14', 'LOGROÑO');
INSERT INTO cat_parroquias (id, canton_id, nombre) VALUES ('141050', '1410', 'LOGROÑO');
INSERT INTO cat_parroquias (id, canton_id, nombre) VALUES ('141051', '1410', 'YAUPI');
INSERT INTO cat_parroquias (id, canton_id, nombre) VALUES ('141052', '1410', 'SHIMPIS');
INSERT INTO cat_cantones (id, provincia_id, nombre) VALUES ('1411', '14', 'PABLO SEXTO');
INSERT INTO cat_parroquias (id, canton_id, nombre) VALUES ('141150', '1411', 'PABLO SEXTO');
INSERT INTO cat_cantones (id, provincia_id, nombre) VALUES ('1412', '14', 'TIWINTZA');
INSERT INTO cat_parroquias (id, canton_id, nombre) VALUES ('141250', '1412', 'SANTIAGO');
INSERT INTO cat_parroquias (id, canton_id, nombre) VALUES ('141251', '1412', 'SAN JOSÉ DE MORONA');
INSERT INTO cat_provincias (id, nombre) VALUES ('15', 'NAPO');
INSERT INTO cat_cantones (id, provincia_id, nombre) VALUES ('1501', '15', 'TENA');
INSERT INTO cat_parroquias (id, canton_id, nombre) VALUES ('150150', '1501', 'TENA');
INSERT INTO cat_parroquias (id, canton_id, nombre) VALUES ('150151', '1501', 'AHUANO');
INSERT INTO cat_parroquias (id, canton_id, nombre) VALUES ('150152', '1501', 'CARLOS JULIO AROSEMENA TOLA (ZATZA-YACU)');
INSERT INTO cat_parroquias (id, canton_id, nombre) VALUES ('150153', '1501', 'CHONTAPUNTA');
INSERT INTO cat_parroquias (id, canton_id, nombre) VALUES ('150154', '1501', 'PANO');
INSERT INTO cat_parroquias (id, canton_id, nombre) VALUES ('150155', '1501', 'PUERTO MISAHUALLI');
INSERT INTO cat_parroquias (id, canton_id, nombre) VALUES ('150156', '1501', 'PUERTO NAPO');
INSERT INTO cat_parroquias (id, canton_id, nombre) VALUES ('150157', '1501', 'TÁLAG');
INSERT INTO cat_parroquias (id, canton_id, nombre) VALUES ('150158', '1501', 'SAN JUAN DE MUYUNA');
INSERT INTO cat_cantones (id, provincia_id, nombre) VALUES ('1503', '15', 'ARCHIDONA');
INSERT INTO cat_parroquias (id, canton_id, nombre) VALUES ('150350', '1503', 'ARCHIDONA');
INSERT INTO cat_parroquias (id, canton_id, nombre) VALUES ('150351', '1503', 'AVILA');
INSERT INTO cat_parroquias (id, canton_id, nombre) VALUES ('150352', '1503', 'COTUNDO');
INSERT INTO cat_parroquias (id, canton_id, nombre) VALUES ('150353', '1503', 'LORETO');
INSERT INTO cat_parroquias (id, canton_id, nombre) VALUES ('150354', '1503', 'SAN PABLO DE USHPAYACU');
INSERT INTO cat_parroquias (id, canton_id, nombre) VALUES ('150355', '1503', 'PUERTO MURIALDO');
INSERT INTO cat_cantones (id, provincia_id, nombre) VALUES ('1504', '15', 'EL CHACO');
INSERT INTO cat_parroquias (id, canton_id, nombre) VALUES ('150450', '1504', 'EL CHACO');
INSERT INTO cat_parroquias (id, canton_id, nombre) VALUES ('150451', '1504', 'GONZALO DíAZ DE PINEDA (EL BOMBÓN)');
INSERT INTO cat_parroquias (id, canton_id, nombre) VALUES ('150452', '1504', 'LINARES');
INSERT INTO cat_parroquias (id, canton_id, nombre) VALUES ('150453', '1504', 'OYACACHI');
INSERT INTO cat_parroquias (id, canton_id, nombre) VALUES ('150454', '1504', 'SANTA ROSA');
INSERT INTO cat_parroquias (id, canton_id, nombre) VALUES ('150455', '1504', 'SARDINAS');
INSERT INTO cat_cantones (id, provincia_id, nombre) VALUES ('1507', '15', 'QUIJOS');
INSERT INTO cat_parroquias (id, canton_id, nombre) VALUES ('150750', '1507', 'BAEZA');
INSERT INTO cat_parroquias (id, canton_id, nombre) VALUES ('150751', '1507', 'COSANGA');
INSERT INTO cat_parroquias (id, canton_id, nombre) VALUES ('150752', '1507', 'CUYUJA');
INSERT INTO cat_parroquias (id, canton_id, nombre) VALUES ('150753', '1507', 'PAPALLACTA');
INSERT INTO cat_parroquias (id, canton_id, nombre) VALUES ('150754', '1507', 'SAN FRANCISCO DE BORJA (VIRGILIO DÁVILA)');
INSERT INTO cat_parroquias (id, canton_id, nombre) VALUES ('150755', '1507', 'SAN JOSÉ DEL PAYAMINO');
INSERT INTO cat_parroquias (id, canton_id, nombre) VALUES ('150756', '1507', 'SUMACO');
INSERT INTO cat_cantones (id, provincia_id, nombre) VALUES ('1509', '15', 'CARLOS JULIO AROSEMENA TOLA');
INSERT INTO cat_parroquias (id, canton_id, nombre) VALUES ('150950', '1509', 'CARLOS JULIO AROSEMENA TOLA');
INSERT INTO cat_provincias (id, nombre) VALUES ('16', 'PASTAZA');
INSERT INTO cat_cantones (id, provincia_id, nombre) VALUES ('1601', '16', 'PASTAZA');
INSERT INTO cat_parroquias (id, canton_id, nombre) VALUES ('160150', '1601', 'PUYO');
INSERT INTO cat_parroquias (id, canton_id, nombre) VALUES ('160151', '1601', 'ARAJUNO');
INSERT INTO cat_parroquias (id, canton_id, nombre) VALUES ('160152', '1601', 'CANELOS');
INSERT INTO cat_parroquias (id, canton_id, nombre) VALUES ('160153', '1601', 'CURARAY');
INSERT INTO cat_parroquias (id, canton_id, nombre) VALUES ('160154', '1601', 'DIEZ DE AGOSTO');
INSERT INTO cat_parroquias (id, canton_id, nombre) VALUES ('160155', '1601', 'FÁTIMA');
INSERT INTO cat_parroquias (id, canton_id, nombre) VALUES ('160156', '1601', 'MONTALVO (ANDOAS)');
INSERT INTO cat_parroquias (id, canton_id, nombre) VALUES ('160157', '1601', 'POMONA');
INSERT INTO cat_parroquias (id, canton_id, nombre) VALUES ('160158', '1601', 'RÍO CORRIENTES');
INSERT INTO cat_parroquias (id, canton_id, nombre) VALUES ('160159', '1601', 'RÍO TIGRE');
INSERT INTO cat_parroquias (id, canton_id, nombre) VALUES ('160160', '1601', 'SANTA CLARA');
INSERT INTO cat_parroquias (id, canton_id, nombre) VALUES ('160161', '1601', 'SARAYACU');
INSERT INTO cat_parroquias (id, canton_id, nombre) VALUES ('160162', '1601', 'SIMÓN BOLÍVAR (CAB. EN MUSHULLACTA)');
INSERT INTO cat_parroquias (id, canton_id, nombre) VALUES ('160163', '1601', 'TARQUI');
INSERT INTO cat_parroquias (id, canton_id, nombre) VALUES ('160164', '1601', 'TENIENTE HUGO ORTIZ');
INSERT INTO cat_parroquias (id, canton_id, nombre) VALUES ('160165', '1601', 'VERACRUZ (INDILLAMA) (CAB. EN INDILLAMA)');
INSERT INTO cat_parroquias (id, canton_id, nombre) VALUES ('160166', '1601', 'EL TRIUNFO');
INSERT INTO cat_cantones (id, provincia_id, nombre) VALUES ('1602', '16', 'MERA');
INSERT INTO cat_parroquias (id, canton_id, nombre) VALUES ('160250', '1602', 'MERA');
INSERT INTO cat_parroquias (id, canton_id, nombre) VALUES ('160251', '1602', 'MADRE TIERRA');
INSERT INTO cat_parroquias (id, canton_id, nombre) VALUES ('160252', '1602', 'SHELL');
INSERT INTO cat_cantones (id, provincia_id, nombre) VALUES ('1603', '16', 'SANTA CLARA');
INSERT INTO cat_parroquias (id, canton_id, nombre) VALUES ('160350', '1603', 'SANTA CLARA');
INSERT INTO cat_parroquias (id, canton_id, nombre) VALUES ('160351', '1603', 'SAN JOSÉ');
INSERT INTO cat_cantones (id, provincia_id, nombre) VALUES ('1604', '16', 'ARAJUNO');
INSERT INTO cat_parroquias (id, canton_id, nombre) VALUES ('160450', '1604', 'ARAJUNO');
INSERT INTO cat_parroquias (id, canton_id, nombre) VALUES ('160451', '1604', 'CURARAY');
INSERT INTO cat_provincias (id, nombre) VALUES ('17', 'PICHINCHA');
INSERT INTO cat_cantones (id, provincia_id, nombre) VALUES ('1701', '17', 'QUITO');
INSERT INTO cat_parroquias (id, canton_id, nombre) VALUES ('170101', '1701', 'BELISARIO QUEVEDO');
INSERT INTO cat_parroquias (id, canton_id, nombre) VALUES ('170102', '1701', 'CARCELÉN');
INSERT INTO cat_parroquias (id, canton_id, nombre) VALUES ('170103', '1701', 'CENTRO HISTÓRICO');
INSERT INTO cat_parroquias (id, canton_id, nombre) VALUES ('170104', '1701', 'COCHAPAMBA');
INSERT INTO cat_parroquias (id, canton_id, nombre) VALUES ('170105', '1701', 'COMITÉ DEL PUEBLO');
INSERT INTO cat_parroquias (id, canton_id, nombre) VALUES ('170106', '1701', 'COTOCOLLAO');
INSERT INTO cat_parroquias (id, canton_id, nombre) VALUES ('170107', '1701', 'CHILIBULO');
INSERT INTO cat_parroquias (id, canton_id, nombre) VALUES ('170108', '1701', 'CHILLOGALLO');
INSERT INTO cat_parroquias (id, canton_id, nombre) VALUES ('170109', '1701', 'CHIMBACALLE');
INSERT INTO cat_parroquias (id, canton_id, nombre) VALUES ('170110', '1701', 'EL CONDADO');
INSERT INTO cat_parroquias (id, canton_id, nombre) VALUES ('170111', '1701', 'GUAMANÍ');
INSERT INTO cat_parroquias (id, canton_id, nombre) VALUES ('170112', '1701', 'IÑAQUITO');
INSERT INTO cat_parroquias (id, canton_id, nombre) VALUES ('170113', '1701', 'ITCHIMBÍA');
INSERT INTO cat_parroquias (id, canton_id, nombre) VALUES ('170114', '1701', 'JIPIJAPA');
INSERT INTO cat_parroquias (id, canton_id, nombre) VALUES ('170115', '1701', 'KENNEDY');
INSERT INTO cat_parroquias (id, canton_id, nombre) VALUES ('170116', '1701', 'LA ARGELIA');
INSERT INTO cat_parroquias (id, canton_id, nombre) VALUES ('170117', '1701', 'LA CONCEPCIÓN');
INSERT INTO cat_parroquias (id, canton_id, nombre) VALUES ('170118', '1701', 'LA ECUATORIANA');
INSERT INTO cat_parroquias (id, canton_id, nombre) VALUES ('170119', '1701', 'LA FERROVIARIA');
INSERT INTO cat_parroquias (id, canton_id, nombre) VALUES ('170120', '1701', 'LA LIBERTAD');
INSERT INTO cat_parroquias (id, canton_id, nombre) VALUES ('170121', '1701', 'LA MAGDALENA');
INSERT INTO cat_parroquias (id, canton_id, nombre) VALUES ('170122', '1701', 'LA MENA');
INSERT INTO cat_parroquias (id, canton_id, nombre) VALUES ('170123', '1701', 'MARISCAL SUCRE');
INSERT INTO cat_parroquias (id, canton_id, nombre) VALUES ('170124', '1701', 'PONCEANO');
INSERT INTO cat_parroquias (id, canton_id, nombre) VALUES ('170125', '1701', 'PUENGASÍ');
INSERT INTO cat_parroquias (id, canton_id, nombre) VALUES ('170126', '1701', 'QUITUMBE');
INSERT INTO cat_parroquias (id, canton_id, nombre) VALUES ('170127', '1701', 'RUMIPAMBA');
INSERT INTO cat_parroquias (id, canton_id, nombre) VALUES ('170128', '1701', 'SAN BARTOLO');
INSERT INTO cat_parroquias (id, canton_id, nombre) VALUES ('170129', '1701', 'SAN ISIDRO DEL INCA');
INSERT INTO cat_parroquias (id, canton_id, nombre) VALUES ('170130', '1701', 'SAN JUAN');
INSERT INTO cat_parroquias (id, canton_id, nombre) VALUES ('170131', '1701', 'SOLANDA');
INSERT INTO cat_parroquias (id, canton_id, nombre) VALUES ('170132', '1701', 'TURUBAMBA');
INSERT INTO cat_parroquias (id, canton_id, nombre) VALUES ('170150', '1701', 'QUITO DISTRITO METROPOLITANO');
INSERT INTO cat_parroquias (id, canton_id, nombre) VALUES ('170151', '1701', 'ALANGASÍ');
INSERT INTO cat_parroquias (id, canton_id, nombre) VALUES ('170152', '1701', 'AMAGUAÑA');
INSERT INTO cat_parroquias (id, canton_id, nombre) VALUES ('170153', '1701', 'ATAHUALPA');
INSERT INTO cat_parroquias (id, canton_id, nombre) VALUES ('170154', '1701', 'CALACALÍ');
INSERT INTO cat_parroquias (id, canton_id, nombre) VALUES ('170155', '1701', 'CALDERÓN');
INSERT INTO cat_parroquias (id, canton_id, nombre) VALUES ('170156', '1701', 'CONOCOTO');
INSERT INTO cat_parroquias (id, canton_id, nombre) VALUES ('170157', '1701', 'CUMBAYÁ');
INSERT INTO cat_parroquias (id, canton_id, nombre) VALUES ('170158', '1701', 'CHAVEZPAMBA');
INSERT INTO cat_parroquias (id, canton_id, nombre) VALUES ('170159', '1701', 'CHECA');
INSERT INTO cat_parroquias (id, canton_id, nombre) VALUES ('170160', '1701', 'EL QUINCHE');
INSERT INTO cat_parroquias (id, canton_id, nombre) VALUES ('170161', '1701', 'GUALEA');
INSERT INTO cat_parroquias (id, canton_id, nombre) VALUES ('170162', '1701', 'GUANGOPOLO');
INSERT INTO cat_parroquias (id, canton_id, nombre) VALUES ('170163', '1701', 'GUAYLLABAMBA');
INSERT INTO cat_parroquias (id, canton_id, nombre) VALUES ('170164', '1701', 'LA MERCED');
INSERT INTO cat_parroquias (id, canton_id, nombre) VALUES ('170165', '1701', 'LLANO CHICO');
INSERT INTO cat_parroquias (id, canton_id, nombre) VALUES ('170166', '1701', 'LLOA');
INSERT INTO cat_parroquias (id, canton_id, nombre) VALUES ('170167', '1701', 'MINDO');
INSERT INTO cat_parroquias (id, canton_id, nombre) VALUES ('170168', '1701', 'NANEGAL');
INSERT INTO cat_parroquias (id, canton_id, nombre) VALUES ('170169', '1701', 'NANEGALITO');
INSERT INTO cat_parroquias (id, canton_id, nombre) VALUES ('170170', '1701', 'NAYÓN');
INSERT INTO cat_parroquias (id, canton_id, nombre) VALUES ('170171', '1701', 'NONO');
INSERT INTO cat_parroquias (id, canton_id, nombre) VALUES ('170172', '1701', 'PACTO');
INSERT INTO cat_parroquias (id, canton_id, nombre) VALUES ('170173', '1701', 'PEDRO VICENTE MALDONADO');
INSERT INTO cat_parroquias (id, canton_id, nombre) VALUES ('170174', '1701', 'PERUCHO');
INSERT INTO cat_parroquias (id, canton_id, nombre) VALUES ('170175', '1701', 'PIFO');
INSERT INTO cat_parroquias (id, canton_id, nombre) VALUES ('170176', '1701', 'PÍNTAG');
INSERT INTO cat_parroquias (id, canton_id, nombre) VALUES ('170177', '1701', 'POMASQUI');
INSERT INTO cat_parroquias (id, canton_id, nombre) VALUES ('170178', '1701', 'PUÉLLARO');
INSERT INTO cat_parroquias (id, canton_id, nombre) VALUES ('170179', '1701', 'PUEMBO');
INSERT INTO cat_parroquias (id, canton_id, nombre) VALUES ('170180', '1701', 'SAN ANTONIO');
INSERT INTO cat_parroquias (id, canton_id, nombre) VALUES ('170181', '1701', 'SAN JOSÉ DE MINAS');
INSERT INTO cat_parroquias (id, canton_id, nombre) VALUES ('170182', '1701', 'SAN MIGUEL DE LOS BANCOS');
INSERT INTO cat_parroquias (id, canton_id, nombre) VALUES ('170183', '1701', 'TABABELA');
INSERT INTO cat_parroquias (id, canton_id, nombre) VALUES ('170184', '1701', 'TUMBACO');
INSERT INTO cat_parroquias (id, canton_id, nombre) VALUES ('170185', '1701', 'YARUQUÍ');
INSERT INTO cat_parroquias (id, canton_id, nombre) VALUES ('170186', '1701', 'ZAMBIZA');
INSERT INTO cat_parroquias (id, canton_id, nombre) VALUES ('170187', '1701', 'PUERTO QUITO');
INSERT INTO cat_cantones (id, provincia_id, nombre) VALUES ('1702', '17', 'CAYAMBE');
INSERT INTO cat_parroquias (id, canton_id, nombre) VALUES ('170201', '1702', 'AYORA');
INSERT INTO cat_parroquias (id, canton_id, nombre) VALUES ('170202', '1702', 'CAYAMBE');
INSERT INTO cat_parroquias (id, canton_id, nombre) VALUES ('170203', '1702', 'JUAN MONTALVO');
INSERT INTO cat_parroquias (id, canton_id, nombre) VALUES ('170250', '1702', 'CAYAMBE');
INSERT INTO cat_parroquias (id, canton_id, nombre) VALUES ('170251', '1702', 'ASCÁZUBI');
INSERT INTO cat_parroquias (id, canton_id, nombre) VALUES ('170252', '1702', 'CANGAHUA');
INSERT INTO cat_parroquias (id, canton_id, nombre) VALUES ('170253', '1702', 'OLMEDO (PESILLO)');
INSERT INTO cat_parroquias (id, canton_id, nombre) VALUES ('170254', '1702', 'OTÓN');
INSERT INTO cat_parroquias (id, canton_id, nombre) VALUES ('170255', '1702', 'SANTA ROSA DE CUZUBAMBA');
INSERT INTO cat_cantones (id, provincia_id, nombre) VALUES ('1703', '17', 'MEJIA');
INSERT INTO cat_parroquias (id, canton_id, nombre) VALUES ('170350', '1703', 'MACHACHI');
INSERT INTO cat_parroquias (id, canton_id, nombre) VALUES ('170351', '1703', 'ALÓAG');
INSERT INTO cat_parroquias (id, canton_id, nombre) VALUES ('170352', '1703', 'ALOASÍ');
INSERT INTO cat_parroquias (id, canton_id, nombre) VALUES ('170353', '1703', 'CUTUGLAHUA');
INSERT INTO cat_parroquias (id, canton_id, nombre) VALUES ('170354', '1703', 'EL CHAUPI');
INSERT INTO cat_parroquias (id, canton_id, nombre) VALUES ('170355', '1703', 'MANUEL CORNEJO ASTORGA (TANDAPI)');
INSERT INTO cat_parroquias (id, canton_id, nombre) VALUES ('170356', '1703', 'TAMBILLO');
INSERT INTO cat_parroquias (id, canton_id, nombre) VALUES ('170357', '1703', 'UYUMBICHO');
INSERT INTO cat_cantones (id, provincia_id, nombre) VALUES ('1704', '17', 'PEDRO MONCAYO');
INSERT INTO cat_parroquias (id, canton_id, nombre) VALUES ('170450', '1704', 'TABACUNDO');
INSERT INTO cat_parroquias (id, canton_id, nombre) VALUES ('170451', '1704', 'LA ESPERANZA');
INSERT INTO cat_parroquias (id, canton_id, nombre) VALUES ('170452', '1704', 'MALCHINGUÍ');
INSERT INTO cat_parroquias (id, canton_id, nombre) VALUES ('170453', '1704', 'TOCACHI');
INSERT INTO cat_parroquias (id, canton_id, nombre) VALUES ('170454', '1704', 'TUPIGACHI');
INSERT INTO cat_cantones (id, provincia_id, nombre) VALUES ('1705', '17', 'RUMIÑAHUI');
INSERT INTO cat_parroquias (id, canton_id, nombre) VALUES ('170501', '1705', 'SANGOLQUÍ');
INSERT INTO cat_parroquias (id, canton_id, nombre) VALUES ('170502', '1705', 'SAN PEDRO DE TABOADA');
INSERT INTO cat_parroquias (id, canton_id, nombre) VALUES ('170503', '1705', 'SAN RAFAEL');
INSERT INTO cat_parroquias (id, canton_id, nombre) VALUES ('170550', '1705', 'SANGOLQUI');
INSERT INTO cat_parroquias (id, canton_id, nombre) VALUES ('170551', '1705', 'COTOGCHOA');
INSERT INTO cat_parroquias (id, canton_id, nombre) VALUES ('170552', '1705', 'RUMIPAMBA');
INSERT INTO cat_cantones (id, provincia_id, nombre) VALUES ('1707', '17', 'SAN MIGUEL DE LOS BANCOS');
INSERT INTO cat_parroquias (id, canton_id, nombre) VALUES ('170750', '1707', 'SAN MIGUEL DE LOS BANCOS');
INSERT INTO cat_parroquias (id, canton_id, nombre) VALUES ('170751', '1707', 'MINDO');
INSERT INTO cat_parroquias (id, canton_id, nombre) VALUES ('170752', '1707', 'PEDRO VICENTE MALDONADO');
INSERT INTO cat_parroquias (id, canton_id, nombre) VALUES ('170753', '1707', 'PUERTO QUITO');
INSERT INTO cat_cantones (id, provincia_id, nombre) VALUES ('1708', '17', 'PEDRO VICENTE MALDONADO');
INSERT INTO cat_parroquias (id, canton_id, nombre) VALUES ('170850', '1708', 'PEDRO VICENTE MALDONADO');
INSERT INTO cat_cantones (id, provincia_id, nombre) VALUES ('1709', '17', 'PUERTO QUITO');
INSERT INTO cat_parroquias (id, canton_id, nombre) VALUES ('170950', '1709', 'PUERTO QUITO');
INSERT INTO cat_provincias (id, nombre) VALUES ('18', 'TUNGURAHUA');
INSERT INTO cat_cantones (id, provincia_id, nombre) VALUES ('1801', '18', 'AMBATO');
INSERT INTO cat_parroquias (id, canton_id, nombre) VALUES ('180101', '1801', 'ATOCHA – FICOA');
INSERT INTO cat_parroquias (id, canton_id, nombre) VALUES ('180102', '1801', 'CELIANO MONGE');
INSERT INTO cat_parroquias (id, canton_id, nombre) VALUES ('180103', '1801', 'HUACHI CHICO');
INSERT INTO cat_parroquias (id, canton_id, nombre) VALUES ('180104', '1801', 'HUACHI LORETO');
INSERT INTO cat_parroquias (id, canton_id, nombre) VALUES ('180105', '1801', 'LA MERCED');
INSERT INTO cat_parroquias (id, canton_id, nombre) VALUES ('180106', '1801', 'LA PENÍNSULA');
INSERT INTO cat_parroquias (id, canton_id, nombre) VALUES ('180107', '1801', 'MATRIZ');
INSERT INTO cat_parroquias (id, canton_id, nombre) VALUES ('180108', '1801', 'PISHILATA');
INSERT INTO cat_parroquias (id, canton_id, nombre) VALUES ('180109', '1801', 'SAN FRANCISCO');
INSERT INTO cat_parroquias (id, canton_id, nombre) VALUES ('180150', '1801', 'AMBATO');
INSERT INTO cat_parroquias (id, canton_id, nombre) VALUES ('180151', '1801', 'AMBATILLO');
INSERT INTO cat_parroquias (id, canton_id, nombre) VALUES ('180152', '1801', 'ATAHUALPA (CHISALATA)');
INSERT INTO cat_parroquias (id, canton_id, nombre) VALUES ('180153', '1801', 'AUGUSTO N. MARTÍNEZ (MUNDUGLEO)');
INSERT INTO cat_parroquias (id, canton_id, nombre) VALUES ('180154', '1801', 'CONSTANTINO FERNÁNDEZ (CAB. EN CULLITAHUA)');
INSERT INTO cat_parroquias (id, canton_id, nombre) VALUES ('180155', '1801', 'HUACHI GRANDE');
INSERT INTO cat_parroquias (id, canton_id, nombre) VALUES ('180156', '1801', 'IZAMBA');
INSERT INTO cat_parroquias (id, canton_id, nombre) VALUES ('180157', '1801', 'JUAN BENIGNO VELA');
INSERT INTO cat_parroquias (id, canton_id, nombre) VALUES ('180158', '1801', 'MONTALVO');
INSERT INTO cat_parroquias (id, canton_id, nombre) VALUES ('180159', '1801', 'PASA');
INSERT INTO cat_parroquias (id, canton_id, nombre) VALUES ('180160', '1801', 'PICAIGUA');
INSERT INTO cat_parroquias (id, canton_id, nombre) VALUES ('180161', '1801', 'PILAGÜÍN (PILAHÜÍN)');
INSERT INTO cat_parroquias (id, canton_id, nombre) VALUES ('180162', '1801', 'QUISAPINCHA (QUIZAPINCHA)');
INSERT INTO cat_parroquias (id, canton_id, nombre) VALUES ('180163', '1801', 'SAN BARTOLOMÉ DE PINLLOG');
INSERT INTO cat_parroquias (id, canton_id, nombre) VALUES ('180164', '1801', 'SAN FERNANDO (PASA SAN FERNANDO)');
INSERT INTO cat_parroquias (id, canton_id, nombre) VALUES ('180165', '1801', 'SANTA ROSA');
INSERT INTO cat_parroquias (id, canton_id, nombre) VALUES ('180166', '1801', 'TOTORAS');
INSERT INTO cat_parroquias (id, canton_id, nombre) VALUES ('180167', '1801', 'CUNCHIBAMBA');
INSERT INTO cat_parroquias (id, canton_id, nombre) VALUES ('180168', '1801', 'UNAMUNCHO');
INSERT INTO cat_cantones (id, provincia_id, nombre) VALUES ('1802', '18', 'BAÑOS DE AGUA SANTA');
INSERT INTO cat_parroquias (id, canton_id, nombre) VALUES ('180250', '1802', 'BAÑOS DE AGUA SANTA');
INSERT INTO cat_parroquias (id, canton_id, nombre) VALUES ('180251', '1802', 'LLIGUA');
INSERT INTO cat_parroquias (id, canton_id, nombre) VALUES ('180252', '1802', 'RÍO NEGRO');
INSERT INTO cat_parroquias (id, canton_id, nombre) VALUES ('180253', '1802', 'RÍO VERDE');
INSERT INTO cat_parroquias (id, canton_id, nombre) VALUES ('180254', '1802', 'ULBA');
INSERT INTO cat_cantones (id, provincia_id, nombre) VALUES ('1803', '18', 'CEVALLOS');
INSERT INTO cat_parroquias (id, canton_id, nombre) VALUES ('180350', '1803', 'CEVALLOS');
INSERT INTO cat_cantones (id, provincia_id, nombre) VALUES ('1804', '18', 'MOCHA');
INSERT INTO cat_parroquias (id, canton_id, nombre) VALUES ('180450', '1804', 'MOCHA');
INSERT INTO cat_parroquias (id, canton_id, nombre) VALUES ('180451', '1804', 'PINGUILÍ');
INSERT INTO cat_cantones (id, provincia_id, nombre) VALUES ('1805', '18', 'PATATE');
INSERT INTO cat_parroquias (id, canton_id, nombre) VALUES ('180550', '1805', 'PATATE');
INSERT INTO cat_parroquias (id, canton_id, nombre) VALUES ('180551', '1805', 'EL TRIUNFO');
INSERT INTO cat_parroquias (id, canton_id, nombre) VALUES ('180552', '1805', 'LOS ANDES (CAB. EN POATUG)');
INSERT INTO cat_parroquias (id, canton_id, nombre) VALUES ('180553', '1805', 'SUCRE (CAB. EN SUCRE-PATATE URCU)');
INSERT INTO cat_cantones (id, provincia_id, nombre) VALUES ('1806', '18', 'QUERO');
INSERT INTO cat_parroquias (id, canton_id, nombre) VALUES ('180650', '1806', 'QUERO');
INSERT INTO cat_parroquias (id, canton_id, nombre) VALUES ('180651', '1806', 'RUMIPAMBA');
INSERT INTO cat_parroquias (id, canton_id, nombre) VALUES ('180652', '1806', 'YANAYACU - MOCHAPATA (CAB. EN YANAYACU)');
INSERT INTO cat_cantones (id, provincia_id, nombre) VALUES ('1807', '18', 'SAN PEDRO DE PELILEO');
INSERT INTO cat_parroquias (id, canton_id, nombre) VALUES ('180701', '1807', 'PELILEO');
INSERT INTO cat_parroquias (id, canton_id, nombre) VALUES ('180702', '1807', 'PELILEO GRANDE');
INSERT INTO cat_parroquias (id, canton_id, nombre) VALUES ('180750', '1807', 'PELILEO');
INSERT INTO cat_parroquias (id, canton_id, nombre) VALUES ('180751', '1807', 'BENÍTEZ (PACHANLICA)');
INSERT INTO cat_parroquias (id, canton_id, nombre) VALUES ('180752', '1807', 'BOLÍVAR');
INSERT INTO cat_parroquias (id, canton_id, nombre) VALUES ('180753', '1807', 'COTALÓ');
INSERT INTO cat_parroquias (id, canton_id, nombre) VALUES ('180754', '1807', 'CHIQUICHA (CAB. EN CHIQUICHA GRANDE)');
INSERT INTO cat_parroquias (id, canton_id, nombre) VALUES ('180755', '1807', 'EL ROSARIO (RUMICHACA)');
INSERT INTO cat_parroquias (id, canton_id, nombre) VALUES ('180756', '1807', 'GARCÍA MORENO (CHUMAQUI)');
INSERT INTO cat_parroquias (id, canton_id, nombre) VALUES ('180757', '1807', 'GUAMBALÓ (HUAMBALÓ)');
INSERT INTO cat_parroquias (id, canton_id, nombre) VALUES ('180758', '1807', 'SALASACA');
INSERT INTO cat_cantones (id, provincia_id, nombre) VALUES ('1808', '18', 'SANTIAGO DE PÍLLARO');
INSERT INTO cat_parroquias (id, canton_id, nombre) VALUES ('180801', '1808', 'CIUDAD NUEVA');
INSERT INTO cat_parroquias (id, canton_id, nombre) VALUES ('180802', '1808', 'PÍLLARO');
INSERT INTO cat_parroquias (id, canton_id, nombre) VALUES ('180850', '1808', 'PÍLLARO');
INSERT INTO cat_parroquias (id, canton_id, nombre) VALUES ('180851', '1808', 'BAQUERIZO MORENO');
INSERT INTO cat_parroquias (id, canton_id, nombre) VALUES ('180852', '1808', 'EMILIO MARÍA TERÁN (RUMIPAMBA)');
INSERT INTO cat_parroquias (id, canton_id, nombre) VALUES ('180853', '1808', 'MARCOS ESPINEL (CHACATA)');
INSERT INTO cat_parroquias (id, canton_id, nombre) VALUES ('180854', '1808', 'PRESIDENTE URBINA (CHAGRAPAMBA -PATZUCUL)');
INSERT INTO cat_parroquias (id, canton_id, nombre) VALUES ('180855', '1808', 'SAN ANDRÉS');
INSERT INTO cat_parroquias (id, canton_id, nombre) VALUES ('180856', '1808', 'SAN JOSÉ DE POALÓ');
INSERT INTO cat_parroquias (id, canton_id, nombre) VALUES ('180857', '1808', 'SAN MIGUELITO');
INSERT INTO cat_cantones (id, provincia_id, nombre) VALUES ('1809', '18', 'TISALEO');
INSERT INTO cat_parroquias (id, canton_id, nombre) VALUES ('180950', '1809', 'TISALEO');
INSERT INTO cat_parroquias (id, canton_id, nombre) VALUES ('180951', '1809', 'QUINCHICOTO');
INSERT INTO cat_provincias (id, nombre) VALUES ('19', 'ZAMORA CHINCHIPE');
INSERT INTO cat_cantones (id, provincia_id, nombre) VALUES ('1901', '19', 'ZAMORA');
INSERT INTO cat_parroquias (id, canton_id, nombre) VALUES ('190101', '1901', 'EL LIMÓN');
INSERT INTO cat_parroquias (id, canton_id, nombre) VALUES ('190102', '1901', 'ZAMORA');
INSERT INTO cat_parroquias (id, canton_id, nombre) VALUES ('190150', '1901', 'ZAMORA');
INSERT INTO cat_parroquias (id, canton_id, nombre) VALUES ('190151', '1901', 'CUMBARATZA');
INSERT INTO cat_parroquias (id, canton_id, nombre) VALUES ('190152', '1901', 'GUADALUPE');
INSERT INTO cat_parroquias (id, canton_id, nombre) VALUES ('190153', '1901', 'IMBANA (LA VICTORIA DE IMBANA)');
INSERT INTO cat_parroquias (id, canton_id, nombre) VALUES ('190154', '1901', 'PAQUISHA');
INSERT INTO cat_parroquias (id, canton_id, nombre) VALUES ('190155', '1901', 'SABANILLA');
INSERT INTO cat_parroquias (id, canton_id, nombre) VALUES ('190156', '1901', 'TIMBARA');
INSERT INTO cat_parroquias (id, canton_id, nombre) VALUES ('190157', '1901', 'ZUMBI');
INSERT INTO cat_parroquias (id, canton_id, nombre) VALUES ('190158', '1901', 'SAN CARLOS DE LAS MINAS');
INSERT INTO cat_cantones (id, provincia_id, nombre) VALUES ('1902', '19', 'CHINCHIPE');
INSERT INTO cat_parroquias (id, canton_id, nombre) VALUES ('190250', '1902', 'ZUMBA');
INSERT INTO cat_parroquias (id, canton_id, nombre) VALUES ('190251', '1902', 'CHITO');
INSERT INTO cat_parroquias (id, canton_id, nombre) VALUES ('190252', '1902', 'EL CHORRO');
INSERT INTO cat_parroquias (id, canton_id, nombre) VALUES ('190253', '1902', 'EL PORVENIR DEL CARMEN');
INSERT INTO cat_parroquias (id, canton_id, nombre) VALUES ('190254', '1902', 'LA CHONTA');
INSERT INTO cat_parroquias (id, canton_id, nombre) VALUES ('190255', '1902', 'PALANDA');
INSERT INTO cat_parroquias (id, canton_id, nombre) VALUES ('190256', '1902', 'PUCAPAMBA');
INSERT INTO cat_parroquias (id, canton_id, nombre) VALUES ('190257', '1902', 'SAN FRANCISCO DEL VERGEL');
INSERT INTO cat_parroquias (id, canton_id, nombre) VALUES ('190258', '1902', 'VALLADOLID');
INSERT INTO cat_parroquias (id, canton_id, nombre) VALUES ('190259', '1902', 'SAN ANDRÉS');
INSERT INTO cat_cantones (id, provincia_id, nombre) VALUES ('1903', '19', 'NANGARITZA');
INSERT INTO cat_parroquias (id, canton_id, nombre) VALUES ('190350', '1903', 'GUAYZIMI');
INSERT INTO cat_parroquias (id, canton_id, nombre) VALUES ('190351', '1903', 'ZURMI');
INSERT INTO cat_parroquias (id, canton_id, nombre) VALUES ('190352', '1903', 'NUEVO PARAÍSO');
INSERT INTO cat_cantones (id, provincia_id, nombre) VALUES ('1904', '19', 'YACUAMBI');
INSERT INTO cat_parroquias (id, canton_id, nombre) VALUES ('190450', '1904', '28 DE MAYO (SAN JOSÉ DE YACUAMBI)');
INSERT INTO cat_parroquias (id, canton_id, nombre) VALUES ('190451', '1904', 'LA PAZ');
INSERT INTO cat_parroquias (id, canton_id, nombre) VALUES ('190452', '1904', 'TUTUPALI');
INSERT INTO cat_cantones (id, provincia_id, nombre) VALUES ('1905', '19', 'YANTZAZA (YANZATZA)');
INSERT INTO cat_parroquias (id, canton_id, nombre) VALUES ('190550', '1905', 'YANTZAZA (YANZATZA)');
INSERT INTO cat_parroquias (id, canton_id, nombre) VALUES ('190551', '1905', 'CHICAÑA');
INSERT INTO cat_parroquias (id, canton_id, nombre) VALUES ('190552', '1905', 'EL PANGUI');
INSERT INTO cat_parroquias (id, canton_id, nombre) VALUES ('190553', '1905', 'LOS ENCUENTROS');
INSERT INTO cat_cantones (id, provincia_id, nombre) VALUES ('1906', '19', 'EL PANGUI');
INSERT INTO cat_parroquias (id, canton_id, nombre) VALUES ('190650', '1906', 'EL PANGUI');
INSERT INTO cat_parroquias (id, canton_id, nombre) VALUES ('190651', '1906', 'EL GUISME');
INSERT INTO cat_parroquias (id, canton_id, nombre) VALUES ('190652', '1906', 'PACHICUTZA');
INSERT INTO cat_parroquias (id, canton_id, nombre) VALUES ('190653', '1906', 'TUNDAYME');
INSERT INTO cat_cantones (id, provincia_id, nombre) VALUES ('1907', '19', 'CENTINELA DEL CÓNDOR');
INSERT INTO cat_parroquias (id, canton_id, nombre) VALUES ('190750', '1907', 'ZUMBI');
INSERT INTO cat_parroquias (id, canton_id, nombre) VALUES ('190751', '1907', 'PAQUISHA');
INSERT INTO cat_parroquias (id, canton_id, nombre) VALUES ('190752', '1907', 'TRIUNFO-DORADO');
INSERT INTO cat_parroquias (id, canton_id, nombre) VALUES ('190753', '1907', 'PANGUINTZA');
INSERT INTO cat_cantones (id, provincia_id, nombre) VALUES ('1908', '19', 'PALANDA');
INSERT INTO cat_parroquias (id, canton_id, nombre) VALUES ('190850', '1908', 'PALANDA');
INSERT INTO cat_parroquias (id, canton_id, nombre) VALUES ('190851', '1908', 'EL PORVENIR DEL CARMEN');
INSERT INTO cat_parroquias (id, canton_id, nombre) VALUES ('190852', '1908', 'SAN FRANCISCO DEL VERGEL');
INSERT INTO cat_parroquias (id, canton_id, nombre) VALUES ('190853', '1908', 'VALLADOLID');
INSERT INTO cat_parroquias (id, canton_id, nombre) VALUES ('190854', '1908', 'LA CANELA');
INSERT INTO cat_cantones (id, provincia_id, nombre) VALUES ('1909', '19', 'PAQUISHA');
INSERT INTO cat_parroquias (id, canton_id, nombre) VALUES ('190950', '1909', 'PAQUISHA');
INSERT INTO cat_parroquias (id, canton_id, nombre) VALUES ('190951', '1909', 'BELLAVISTA');
INSERT INTO cat_parroquias (id, canton_id, nombre) VALUES ('190952', '1909', 'NUEVO QUITO');
INSERT INTO cat_provincias (id, nombre) VALUES ('20', 'GALAPAGOS');
INSERT INTO cat_cantones (id, provincia_id, nombre) VALUES ('2001', '20', 'SAN CRISTÓBAL');
INSERT INTO cat_parroquias (id, canton_id, nombre) VALUES ('200150', '2001', 'PUERTO BAQUERIZO MORENO');
INSERT INTO cat_parroquias (id, canton_id, nombre) VALUES ('200151', '2001', 'EL PROGRESO');
INSERT INTO cat_parroquias (id, canton_id, nombre) VALUES ('200152', '2001', 'ISLA SANTA MARÍA (FLOREANA) (CAB. EN PTO. VELASCO IBARRA)');
INSERT INTO cat_cantones (id, provincia_id, nombre) VALUES ('2002', '20', 'ISABELA');
INSERT INTO cat_parroquias (id, canton_id, nombre) VALUES ('200250', '2002', 'PUERTO VILLAMIL');
INSERT INTO cat_parroquias (id, canton_id, nombre) VALUES ('200251', '2002', 'TOMÁS DE BERLANGA (SANTO TOMÁS)');
INSERT INTO cat_cantones (id, provincia_id, nombre) VALUES ('2003', '20', 'SANTA CRUZ');
INSERT INTO cat_parroquias (id, canton_id, nombre) VALUES ('200350', '2003', 'PUERTO AYORA');
INSERT INTO cat_parroquias (id, canton_id, nombre) VALUES ('200351', '2003', 'BELLAVISTA');
INSERT INTO cat_parroquias (id, canton_id, nombre) VALUES ('200352', '2003', 'SANTA ROSA (INCLUYE LA ISLA BALTRA)');
INSERT INTO cat_provincias (id, nombre) VALUES ('21', 'SUCUMBIOS');
INSERT INTO cat_cantones (id, provincia_id, nombre) VALUES ('2101', '21', 'LAGO AGRIO');
INSERT INTO cat_parroquias (id, canton_id, nombre) VALUES ('210150', '2101', 'NUEVA LOJA');
INSERT INTO cat_parroquias (id, canton_id, nombre) VALUES ('210151', '2101', 'CUYABENO');
INSERT INTO cat_parroquias (id, canton_id, nombre) VALUES ('210152', '2101', 'DURENO');
INSERT INTO cat_parroquias (id, canton_id, nombre) VALUES ('210153', '2101', 'GENERAL FARFÁN');
INSERT INTO cat_parroquias (id, canton_id, nombre) VALUES ('210154', '2101', 'TARAPOA');
INSERT INTO cat_parroquias (id, canton_id, nombre) VALUES ('210155', '2101', 'EL ENO');
INSERT INTO cat_parroquias (id, canton_id, nombre) VALUES ('210156', '2101', 'PACAYACU');
INSERT INTO cat_parroquias (id, canton_id, nombre) VALUES ('210157', '2101', 'JAMBELÍ');
INSERT INTO cat_parroquias (id, canton_id, nombre) VALUES ('210158', '2101', 'SANTA CECILIA');
INSERT INTO cat_parroquias (id, canton_id, nombre) VALUES ('210159', '2101', 'AGUAS NEGRAS');
INSERT INTO cat_cantones (id, provincia_id, nombre) VALUES ('2102', '21', 'GONZALO PIZARRO');
INSERT INTO cat_parroquias (id, canton_id, nombre) VALUES ('210250', '2102', 'EL DORADO DE CASCALES');
INSERT INTO cat_parroquias (id, canton_id, nombre) VALUES ('210251', '2102', 'EL REVENTADOR');
INSERT INTO cat_parroquias (id, canton_id, nombre) VALUES ('210252', '2102', 'GONZALO PIZARRO');
INSERT INTO cat_parroquias (id, canton_id, nombre) VALUES ('210253', '2102', 'LUMBAQUÍ');
INSERT INTO cat_parroquias (id, canton_id, nombre) VALUES ('210254', '2102', 'PUERTO LIBRE');
INSERT INTO cat_parroquias (id, canton_id, nombre) VALUES ('210255', '2102', 'SANTA ROSA DE SUCUMBÍOS');
INSERT INTO cat_cantones (id, provincia_id, nombre) VALUES ('2103', '21', 'PUTUMAYO');
INSERT INTO cat_parroquias (id, canton_id, nombre) VALUES ('210350', '2103', 'PUERTO EL CARMEN DEL PUTUMAYO');
INSERT INTO cat_parroquias (id, canton_id, nombre) VALUES ('210351', '2103', 'PALMA ROJA');
INSERT INTO cat_parroquias (id, canton_id, nombre) VALUES ('210352', '2103', 'PUERTO BOLÍVAR (PUERTO MONTÚFAR)');
INSERT INTO cat_parroquias (id, canton_id, nombre) VALUES ('210353', '2103', 'PUERTO RODRÍGUEZ');
INSERT INTO cat_parroquias (id, canton_id, nombre) VALUES ('210354', '2103', 'SANTA ELENA');
INSERT INTO cat_cantones (id, provincia_id, nombre) VALUES ('2104', '21', 'SHUSHUFINDI');
INSERT INTO cat_parroquias (id, canton_id, nombre) VALUES ('210450', '2104', 'SHUSHUFINDI');
INSERT INTO cat_parroquias (id, canton_id, nombre) VALUES ('210451', '2104', 'LIMONCOCHA');
INSERT INTO cat_parroquias (id, canton_id, nombre) VALUES ('210452', '2104', 'PAÑACOCHA');
INSERT INTO cat_parroquias (id, canton_id, nombre) VALUES ('210453', '2104', 'SAN ROQUE (CAB. EN SAN VICENTE)');
INSERT INTO cat_parroquias (id, canton_id, nombre) VALUES ('210454', '2104', 'SAN PEDRO DE LOS COFANES');
INSERT INTO cat_parroquias (id, canton_id, nombre) VALUES ('210455', '2104', 'SIETE DE JULIO');
INSERT INTO cat_cantones (id, provincia_id, nombre) VALUES ('2105', '21', 'SUCUMBÍOS');
INSERT INTO cat_parroquias (id, canton_id, nombre) VALUES ('210550', '2105', 'LA BONITA');
INSERT INTO cat_parroquias (id, canton_id, nombre) VALUES ('210551', '2105', 'EL PLAYÓN DE SAN FRANCISCO');
INSERT INTO cat_parroquias (id, canton_id, nombre) VALUES ('210552', '2105', 'LA SOFÍA');
INSERT INTO cat_parroquias (id, canton_id, nombre) VALUES ('210553', '2105', 'ROSA FLORIDA');
INSERT INTO cat_parroquias (id, canton_id, nombre) VALUES ('210554', '2105', 'SANTA BÁRBARA');
INSERT INTO cat_cantones (id, provincia_id, nombre) VALUES ('2106', '21', 'CASCALES');
INSERT INTO cat_parroquias (id, canton_id, nombre) VALUES ('210650', '2106', 'EL DORADO DE CASCALES');
INSERT INTO cat_parroquias (id, canton_id, nombre) VALUES ('210651', '2106', 'SANTA ROSA DE SUCUMBÍOS');
INSERT INTO cat_parroquias (id, canton_id, nombre) VALUES ('210652', '2106', 'SEVILLA');
INSERT INTO cat_cantones (id, provincia_id, nombre) VALUES ('2107', '21', 'CUYABENO');
INSERT INTO cat_parroquias (id, canton_id, nombre) VALUES ('210750', '2107', 'TARAPOA');
INSERT INTO cat_parroquias (id, canton_id, nombre) VALUES ('210751', '2107', 'CUYABENO');
INSERT INTO cat_parroquias (id, canton_id, nombre) VALUES ('210752', '2107', 'AGUAS NEGRAS');
INSERT INTO cat_provincias (id, nombre) VALUES ('22', 'ORELLANA');
INSERT INTO cat_cantones (id, provincia_id, nombre) VALUES ('2201', '22', 'ORELLANA');
INSERT INTO cat_parroquias (id, canton_id, nombre) VALUES ('220150', '2201', 'PUERTO FRANCISCO DE ORELLANA (EL COCA)');
INSERT INTO cat_parroquias (id, canton_id, nombre) VALUES ('220151', '2201', 'DAYUMA');
INSERT INTO cat_parroquias (id, canton_id, nombre) VALUES ('220152', '2201', 'TARACOA (NUEVA ESPERANZA: YUCA)');
INSERT INTO cat_parroquias (id, canton_id, nombre) VALUES ('220153', '2201', 'ALEJANDRO LABAKA');
INSERT INTO cat_parroquias (id, canton_id, nombre) VALUES ('220154', '2201', 'EL DORADO');
INSERT INTO cat_parroquias (id, canton_id, nombre) VALUES ('220155', '2201', 'EL EDÉN');
INSERT INTO cat_parroquias (id, canton_id, nombre) VALUES ('220156', '2201', 'GARCÍA MORENO');
INSERT INTO cat_parroquias (id, canton_id, nombre) VALUES ('220157', '2201', 'INÉS ARANGO (CAB. EN WESTERN)');
INSERT INTO cat_parroquias (id, canton_id, nombre) VALUES ('220158', '2201', 'LA BELLEZA');
INSERT INTO cat_parroquias (id, canton_id, nombre) VALUES ('220159', '2201', 'NUEVO PARAÍSO (CAB. EN UNIÓN');
INSERT INTO cat_parroquias (id, canton_id, nombre) VALUES ('220160', '2201', 'SAN JOSÉ DE GUAYUSA');
INSERT INTO cat_parroquias (id, canton_id, nombre) VALUES ('220161', '2201', 'SAN LUIS DE ARMENIA');
INSERT INTO cat_cantones (id, provincia_id, nombre) VALUES ('2202', '22', 'AGUARICO');
INSERT INTO cat_parroquias (id, canton_id, nombre) VALUES ('220201', '2202', 'TIPITINI');
INSERT INTO cat_parroquias (id, canton_id, nombre) VALUES ('220250', '2202', 'NUEVO ROCAFUERTE');
INSERT INTO cat_parroquias (id, canton_id, nombre) VALUES ('220251', '2202', 'CAPITÁN AUGUSTO RIVADENEYRA');
INSERT INTO cat_parroquias (id, canton_id, nombre) VALUES ('220252', '2202', 'CONONACO');
INSERT INTO cat_parroquias (id, canton_id, nombre) VALUES ('220253', '2202', 'SANTA MARÍA DE HUIRIRIMA');
INSERT INTO cat_parroquias (id, canton_id, nombre) VALUES ('220254', '2202', 'TIPUTINI');
INSERT INTO cat_parroquias (id, canton_id, nombre) VALUES ('220255', '2202', 'YASUNÍ');
INSERT INTO cat_cantones (id, provincia_id, nombre) VALUES ('2203', '22', 'LA JOYA DE LOS SACHAS');
INSERT INTO cat_parroquias (id, canton_id, nombre) VALUES ('220350', '2203', 'LA JOYA DE LOS SACHAS');
INSERT INTO cat_parroquias (id, canton_id, nombre) VALUES ('220351', '2203', 'ENOKANQUI');
INSERT INTO cat_parroquias (id, canton_id, nombre) VALUES ('220352', '2203', 'POMPEYA');
INSERT INTO cat_parroquias (id, canton_id, nombre) VALUES ('220353', '2203', 'SAN CARLOS');
INSERT INTO cat_parroquias (id, canton_id, nombre) VALUES ('220354', '2203', 'SAN SEBASTIÁN DEL COCA');
INSERT INTO cat_parroquias (id, canton_id, nombre) VALUES ('220355', '2203', 'LAGO SAN PEDRO');
INSERT INTO cat_parroquias (id, canton_id, nombre) VALUES ('220356', '2203', 'RUMIPAMBA');
INSERT INTO cat_parroquias (id, canton_id, nombre) VALUES ('220357', '2203', 'TRES DE NOVIEMBRE');
INSERT INTO cat_parroquias (id, canton_id, nombre) VALUES ('220358', '2203', 'UNIÓN MILAGREÑA');
INSERT INTO cat_cantones (id, provincia_id, nombre) VALUES ('2204', '22', 'LORETO');
INSERT INTO cat_parroquias (id, canton_id, nombre) VALUES ('220450', '2204', 'LORETO');
INSERT INTO cat_parroquias (id, canton_id, nombre) VALUES ('220451', '2204', 'AVILA (CAB. EN HUIRUNO)');
INSERT INTO cat_parroquias (id, canton_id, nombre) VALUES ('220452', '2204', 'PUERTO MURIALDO');
INSERT INTO cat_parroquias (id, canton_id, nombre) VALUES ('220453', '2204', 'SAN JOSÉ DE PAYAMINO');
INSERT INTO cat_parroquias (id, canton_id, nombre) VALUES ('220454', '2204', 'SAN JOSÉ DE DAHUANO');
INSERT INTO cat_parroquias (id, canton_id, nombre) VALUES ('220455', '2204', 'SAN VICENTE DE HUATICOCHA');
INSERT INTO cat_provincias (id, nombre) VALUES ('23', 'SANTO DOMINGO DE LOS TSACHILAS');
INSERT INTO cat_cantones (id, provincia_id, nombre) VALUES ('2301', '23', 'SANTO DOMINGO');
INSERT INTO cat_parroquias (id, canton_id, nombre) VALUES ('230101', '2301', 'ABRAHAM CALAZACÓN');
INSERT INTO cat_parroquias (id, canton_id, nombre) VALUES ('230102', '2301', 'BOMBOLÍ');
INSERT INTO cat_parroquias (id, canton_id, nombre) VALUES ('230103', '2301', 'CHIGUILPE');
INSERT INTO cat_parroquias (id, canton_id, nombre) VALUES ('230104', '2301', 'RÍO TOACHI');
INSERT INTO cat_parroquias (id, canton_id, nombre) VALUES ('230105', '2301', 'RÍO VERDE');
INSERT INTO cat_parroquias (id, canton_id, nombre) VALUES ('230106', '2301', 'SANTO DOMINGO DE LOS COLORADOS');
INSERT INTO cat_parroquias (id, canton_id, nombre) VALUES ('230107', '2301', 'ZARACAY');
INSERT INTO cat_parroquias (id, canton_id, nombre) VALUES ('230150', '2301', 'SANTO DOMINGO DE LOS COLORADOS');
INSERT INTO cat_parroquias (id, canton_id, nombre) VALUES ('230151', '2301', 'ALLURIQUÍN');
INSERT INTO cat_parroquias (id, canton_id, nombre) VALUES ('230152', '2301', 'PUERTO LIMÓN');
INSERT INTO cat_parroquias (id, canton_id, nombre) VALUES ('230153', '2301', 'LUZ DE AMÉRICA');
INSERT INTO cat_parroquias (id, canton_id, nombre) VALUES ('230154', '2301', 'SAN JACINTO DEL BÚA');
INSERT INTO cat_parroquias (id, canton_id, nombre) VALUES ('230155', '2301', 'VALLE HERMOSO');
INSERT INTO cat_parroquias (id, canton_id, nombre) VALUES ('230156', '2301', 'EL ESFUERZO');
INSERT INTO cat_parroquias (id, canton_id, nombre) VALUES ('230157', '2301', 'SANTA MARÍA DEL TOACHI');
INSERT INTO cat_provincias (id, nombre) VALUES ('24', 'SANTA ELENA');
INSERT INTO cat_cantones (id, provincia_id, nombre) VALUES ('2401', '24', 'SANTA ELENA');
INSERT INTO cat_parroquias (id, canton_id, nombre) VALUES ('240101', '2401', 'BALLENITA');
INSERT INTO cat_parroquias (id, canton_id, nombre) VALUES ('240102', '2401', 'SANTA ELENA');
INSERT INTO cat_parroquias (id, canton_id, nombre) VALUES ('240150', '2401', 'SANTA ELENA');
INSERT INTO cat_parroquias (id, canton_id, nombre) VALUES ('240151', '2401', 'ATAHUALPA');
INSERT INTO cat_parroquias (id, canton_id, nombre) VALUES ('240152', '2401', 'COLONCHE');
INSERT INTO cat_parroquias (id, canton_id, nombre) VALUES ('240153', '2401', 'CHANDUY');
INSERT INTO cat_parroquias (id, canton_id, nombre) VALUES ('240154', '2401', 'MANGLARALTO');
INSERT INTO cat_parroquias (id, canton_id, nombre) VALUES ('240155', '2401', 'SIMÓN BOLÍVAR (JULIO MORENO)');
INSERT INTO cat_parroquias (id, canton_id, nombre) VALUES ('240156', '2401', 'SAN JOSÉ DE ANCÓN');
INSERT INTO cat_cantones (id, provincia_id, nombre) VALUES ('2402', '24', 'LA LIBERTAD');
INSERT INTO cat_parroquias (id, canton_id, nombre) VALUES ('240250', '2402', 'LA LIBERTAD');
INSERT INTO cat_cantones (id, provincia_id, nombre) VALUES ('2403', '24', 'SALINAS');
INSERT INTO cat_parroquias (id, canton_id, nombre) VALUES ('240301', '2403', 'CARLOS ESPINOZA LARREA');
INSERT INTO cat_parroquias (id, canton_id, nombre) VALUES ('240302', '2403', 'GRAL. ALBERTO ENRÍQUEZ GALLO');
INSERT INTO cat_parroquias (id, canton_id, nombre) VALUES ('240303', '2403', 'VICENTE ROCAFUERTE');
INSERT INTO cat_parroquias (id, canton_id, nombre) VALUES ('240304', '2403', 'SANTA ROSA');
INSERT INTO cat_parroquias (id, canton_id, nombre) VALUES ('240350', '2403', 'SALINAS');
INSERT INTO cat_parroquias (id, canton_id, nombre) VALUES ('240351', '2403', 'ANCONCITO');
INSERT INTO cat_parroquias (id, canton_id, nombre) VALUES ('240352', '2403', 'JOSÉ LUIS TAMAYO (MUEY)');
SET FOREIGN_KEY_CHECKS = 1;